"timestamp","asset","open","close","high","low","implied_volatility","open_interest","3_month_return","1_year_return","life_return","notional","market_cap","trading_volume","30d_avg_trading_volume","dividend","effective_yield","tax_eqv_eff_yield","30d_historical_volatility","1y_historical_volatility","next_record_date","next_payout_date","mstr_correlation","btc_correlation","spy_correlation","sppref_correlation","interpolated_treasury_yield","market_credit","market_credit_bps","model_premium","model_premium_bps","model_yield","model_yield_bps","btc_floor","sharpe_ratio","vwap_1mo","risk_free_rate"
2026-09-18 00:00:00,"STRC",98.1,98.81,98.9,98.1,0.30685709,442997526.5,0.14899160932385141,0.12924786321025641,0.24149999992222224,9493315100,9380344650.31,104546432.11476202,140636915.44172236,0.12,0.12144519785446817,0.19277015532455263,0.11502721539893693,0.22166562986413893,"2026-09-30","2026-10-15",0.6165839372771568,0.432095646587788,0.43571860087038433,0.4814479417147082,0.049596,0.07184919785446817,718,0.0666,666,0.0548,548,13127.074137624993,0.5150386830621567,97.35822149639365,0.0414
2026-09-17 00:00:00,"STRC",97.31,98.13,98.1599,97.31,0.15164279,423737008.5,0.13605805247191005,0.12504284045856456,0.23394444436666662,9493315100,9315790107.63,106752801.5262279,140636915.44172236,0.12,0.12228676245796394,0.19410597215549832,0.11502721539893693,0.22166562986413893,"2026-09-30","2026-10-15",0.6165839372771568,0.432095646587788,0.43571860087038433,0.4814479417147082,0.049578,0.07270876245796394,727,0.067,670,0.0553,553,13127.074137624993,0.5150386830621567,97.35822149639365,0.0414
2026-09-16 00:00:00,"STRC",97.27,97.07,97.95,97.01,0.21609989,414026667.5,0.08997893746595474,0.11770672164002052,0.2221666665888888,9493315100,9215160967.57,116193983.0129173,141462519.57106933,0.12,0.12362212836097662,0.19622560057297878,0.1114831315091496,0.22142117579165224,"2026-09-30","2026-10-15",0.6122047647112477,0.4291333862762409,0.4329455841835934,0.47983130324028844,0.0493778,0.07424432836097662,742,0.0684,684,0.0552,552,13127.074137624993,0.4689413865553271,97.24971344248033,0.0411
2026-09-15 00:00:00,"STRC",98.2,97.14,98.32,96.99,0.20213916,400445605.3,0.05167191880252098,0.1190058479153766,0.22294444436666666,9493315100,9221806288.14,201793776.88448507,143135210.02770036,0.12,0.12353304508956146,0.19608419855485945,0.12057203153992799,0.221420557069484,"2026-09-30","2026-10-15",0.6099819378821151,0.4291109693710774,0.4311263730091244,0.4761921815105537,0.0490812,0.07445184508956146,745,0.0686,686,0.055,550,13127.074137624993,0.49439222042242886,97.15113611346085,0.0411
2026-09-14 00:00:00,"STRC",98.64,98.91,99.03,98.6,0.13740101,443248587,0.07961497890295359,0.13660668373264778,0.23705555547777774,9493315100,9389837965.41,201974152.05822647,142069894.48163542,0.12,0.12132241431604489,0.19257526081911888,0.10444035757473073,0.22111600942794524,"2026-09-15","2026-09-30",0.6062997913788628,0.4237407497392541,0.42815461491576373,0.47325953688684846,0.0489988,0.07232361431604489,723,0.0666,666,0.0547,547,13127.074137624993,0.5474533948063282,97.02668940388075,0.0407
2026-09-11 00:00:00,"STRC",98,98.64,98.69,97.96,0.14779367,451224514,0.05790755518706608,0.1324329875012837,0.2340555554777778,9635361800,9504320879.52,137232812.7767909,141537884.5386449,0.12,0.12165450121654502,0.19310238288340478,0.13515654732226262,0.22069175368185992,"2026-09-15","2026-09-30",0.6080530170536087,0.42462297350384753,0.4230239092233877,0.4763465918148513,0.047552000000000004,0.07410250121654502,741,0.0684,684,0.0533,533,13129.496124489675,0.53381681770636,96.8554322654148,0.0395
2026-09-10 00:00:00,"STRC",97.81,97.97,98,97.72,0.13039782,453727166.4,0.05842292036321883,0.12520533873716624,0.2266111110333333,9635361800,9439763955.46,121036147.52159159,140179594.20325574,0.12,0.12248647545166888,0.19442297690741092,0.13518506735929062,0.22058708059178012,"2026-09-15","2026-09-30",0.6069151005769777,0.4228368035413655,0.41997018406895475,0.47201564105489907,0.04753,0.07495647545166888,750,0.0693,693,0.0532,532,13129.496124489675,0.5064911973668852,96.73098338409903,0.0395
2026-09-09 00:00:00,"STRC",98,97.85,98.17,97.85,0.12053614,447578466.5,0.05310355583281334,0.1247816705332374,0.22527777769999993,9635361800,9428201521.3,135479611.13537663,139253368.8043351,0.12,0.12263668880940215,0.19466141080857485,0.14655514676427492,0.22058488095167386,"2026-09-15","2026-09-30",0.6063894257159694,0.42239216631827237,0.4211651644030468,0.4749679803563817,0.0471904,0.07544628880940216,754,0.0699,699,0.0527,527,13129.496124489675,0.4903135452881133,96.62815970790047,0.0394
2026-09-08 00:00:00,"STRC",97.58,98.04,98.2,97.5,0.12598827,441483002.7,0.0477800722767167,0.12407749070315706,0.2273888888111112,9635361800,9446508708.720001,107806487.95931783,137258136.5365705,0.12,0.12239902080783353,0.19428416001243418,0.14982051763736637,0.22058905100957815,"2026-09-15","2026-09-30",0.6009950759755873,0.42009285043738226,0.42138779197025594,0.4772640395690238,0.04696,0.07543902080783353,754,0.0699,699,0.0525,525,13129.496124489675,0.49718656380357956,96.4929914927714,0.0391
2026-09-04 00:00:00,"STRC",97.64,97.75,98.05,97.55,0.11103174,435182740,0.06044330329071471,0.12225528414734256,0.2241666665888889,9816450300,9595580168.25,129158487.45553575,137994251.63287696,0.12,0.12276214833759591,0.19486055291681892,0.15047201718506964,0.2201344017836867,"2026-09-15","2026-09-30",0.6030097596994286,0.42271983994703216,0.42249047394610795,0.4709818522442402,0.046814999999999996,0.07594714833759592,759,0.0705,705,0.0522,522,13135.517661676824,0.49030720247858406,96.37356852693642,0.0389
2026-09-03 00:00:00,"STRC",97.13,97.82,98.05,97.085,0.11342071,441503244,0.06980982567353394,0.12055902521756927,0.22494444436666658,9816450300,9602451683.46,182819845.95985037,138198006.98525438,0.12,0.1226742997342057,0.19472111068921538,0.15454785532964824,0.22014385633067615,"2026-09-15","2026-09-30",0.6006804018381099,0.42404077224765296,0.4229756483687113,0.4695967304858208,0.047015,0.0756592997342057,757,0.0705,705,0.0522,522,13135.517661676824,0.48377628949511164,96.22771533686355,0.0392
2026-09-02 00:00:00,"STRC",96.76,97.07,97.2,96.61,0.1559979,434239377.6,0.039266880363974764,0.11504924079811231,0.21661111103333325,9816450300,9528828306.21,98336449.01057552,135701673.4391212,0.12,0.12362212836097662,0.19622560057297878,0.16369573588185798,0.22001724444143614,"2026-09-15","2026-09-30",0.622851196089366,0.42791624513982435,0.420746313864768,0.4649322685568472,0.0470216,0.07660052836097662,766,0.071,710,0.0526,526,13135.517661676824,0.4579889446782575,96.02255816176874,0.0392
2026-09-01 00:00:00,"STRC",96.52,96.8,97.17,96.502,0.14848859,433015298.1,0.022101560110125464,0.10920716105370841,0.2136111110333333,9816450300,9502323890.4,128934791.98794478,134252772.7030662,0.12,0.12396694214876033,0.19677292404565133,0.19153859779029764,0.22043881712963515,"2026-09-15","2026-09-30",0.6233252883581665,0.427686994558513,0.420537839732355,0.45887497040189135,0.046538,0.07742894214876034,774,0.0718,718,0.0521,521,13135.517661676824,0.4329469478103483,95.83273767893945,0.0391
2026-08-31 00:00:00,"STRC",97.22,97.1,97.52,96.52,0.14673773,439176129.8,0.015632892211334473,0.11227621476214827,0.2169444443666666,9816450300,9531773241.3,249295550.07080668,132605725.20836766,0.12,0.12358393408856849,0.19616497474375952,0.19363967678104282,0.22085939207896005,"2026-09-15","2026-09-30",0.6262377980762195,0.42800942845960155,0.4188620930039739,0.46672897290468923,0.04639,0.07719393408856849,772,0.0717,717,0.0519,519,13135.517661676824,0.4625052565489991,95.53901334640946,0.039
2026-08-28 00:00:00,"STRC",98.05,97.33,98.16,97.32,0.11807579,458633964,0.017221264076291015,0.11338671587106049,0.21394444436666665,9972168000,9705911114.4,183829421.4772049,126977745.51322143,0.12,0.12329189355799856,0.19570141834602947,0.19450172238681102,0.22044981650845788,"2026-08-31","2026-09-15",0.6257219716963255,0.426761273877851,0.41882289103253195,0.46850968728906195,0.045650199999999995,0.07764169355799858,776,0.0717,717,0.0516,516,13427.243954705056,0.4910987604989419,95.00242945186986,0.0384
2026-08-27 00:00:00,"STRC",97.6,98,98.1,97.51,0.13533884,459597883.5,0.01782293032166984,0.13059469532739332,0.2213888888111111,9972168000,9772724640,146411602.084622,123621691.53620006,0.12,0.12244897959183673,0.1943634596695821,0.1980278520564082,0.22053271106832079,"2026-08-31","2026-09-15",0.6171485274315818,0.4165596214266936,0.415605044170634,0.4609524700893374,0.045585,0.07686397959183673,769,0.0713,713,0.0512,512,13427.243954705056,0.5620709573640469,94.6300293526984,0.0385
2026-08-26 00:00:00,"STRC",97.1,97.16,97.69,97.01,0.15542705,437515344,0.00630843470393081,0.13197783810370062,0.21205555547777774,9972168000,9688958428.8,135071820.8450604,121528967.24473508,0.12,0.12350761630300536,0.1960438354015958,0.19852115235583817,0.22054632358715845,"2026-08-31","2026-09-15",0.6235517789492677,0.41380029642215893,0.412175847960041,0.4594819672930445,0.04534439999999999,0.07816321630300536,782,0.0725,725,0.051,510,13427.243954705056,0.549808227329511,94.24380951692515,0.0386
2026-08-25 00:00:00,"STRC",97.38,97.15,97.75,97.11,0.13393771,436747749.6,0.00793051359516625,0.1385383805783387,0.21194444436666673,9972168000,9687961212,155405971.36927304,119977412.00880575,0.12,0.12352032938754502,0.1960640149008651,0.21920236906083115,0.22062312495041847,"2026-08-31","2026-09-15",0.6235472797511975,0.41256606881198166,0.41170693510477674,0.4594151877451397,0.045944399999999996,0.07757592938754503,776,0.0719,719,0.0516,516,13427.243954705056,0.5516332226800642,93.93599344182597,0.0387
2026-08-24 00:00:00,"STRC",96.32,97.21,97.39,96.25,0.15235198,416381742,0.008534743202416884,0.13976854279852705,0.21261111103333327,9972168000,9693944512.8,180332914.13339064,118588291.84679668,0.12,0.12344409011418579,0.1959430001812473,0.2202822333235261,0.22106456558678875,"2026-08-31","2026-09-15",0.6088376445684912,0.4103662790643506,0.4085953597212237,0.46184575889209445,0.046271599999999996,0.0771724901141858,772,0.0717,717,0.0518,518,13427.243954705056,0.5831817158177363,93.48328004255022,0.0388
2026-08-21 00:00:00,"STRC",95.67,96.18,96.2,95.62,0.10876113,576173955,-0.002038864277084035,0.13622405752858968,0.20116666658888896,10115289200,9728885152.560001,172582000.1704617,115246809.23512848,0.12,0.12476606363069244,0.19804137084236895,0.22132331421638327,0.22045941552713866,"2026-08-31","2026-09-15",0.6041917760809148,0.4073923709665882,0.4121361328787083,0.4610098252618485,0.045759999999999995,0.07900606363069244,790,0.0712,712,0.0536,536,15840.389816371526,0.5569706438684483,92.88618295973185,0.0387
2026-08-20 00:00:00,"STRC",95.72,95.25,95.85,95.1801,0.18492515,566202869,-0.009807382008874512,0.13176933708905209,0.19083333325555557,10115289200,9634812963,144362707.9423455,113137614.84906222,0.12,0.12598425196850394,0.19997500312460942,0.22191412822219328,0.22029709912588477,"2026-08-31","2026-09-15",0.6020354975205121,0.4090234996599766,0.4105696289065744,0.4608707616176504,0.045312,0.08067225196850394,807,0.0722,722,0.0538,538,15840.389816371526,0.5321054697797184,92.35639730428778,0.0386
2026-08-19 00:00:00,"STRC",93.92,95.31,95.65,93.89,0.20348521,552183743.8,-0.0075007576522880355,0.13712606830128213,0.19149999992222225,10115289200,9640882136.52,150583776.95298257,111724694.64066763,0.12,0.12590494176896444,0.19984911391899118,0.22749074818041162,0.22033437176789245,"2026-08-31","2026-09-15",0.6087051492285407,0.4258528149112942,0.40919432650139076,0.4558299650206091,0.045318,0.08058694176896444,806,0.0709,709,0.055,550,15840.389816371526,0.40767990923649106,92.06806639293004,0.0386
2026-08-18 00:00:00,"STRC",94.28,94.01,94.89,94,0.18879213,533093632,-0.016859344894026917,0.09231168823896109,0.17705555547777785,10115289200,9509383376.92,97977445.54966936,110457166.98962274,0.12,0.12764599510690353,0.2026126906458786,0.22684142911251678,0.22167969694214945,"2026-08-31","2026-09-15",0.6116135398746503,0.4238753364163883,0.4071587828544415,0.4485783352253247,0.0456856,0.08196039510690353,820,0.0711,711,0.0566,566,15840.389816371526,0.3139840203435365,91.75111598202325,0.0386
2026-08-17 00:00:00,"STRC",94.8,94.36,95.1102,94.15,0.19068381,525782788.8,-0.019079544308902092,0.08803506955131507,0.18094444436666665,10115289200,9544786889.12,106137972.22977704,111490885.93911324,0.12,0.1271725307333616,0.20186115989422476,0.22706672279634746,0.22209437838997945,"2026-08-31","2026-09-15",0.6135245157101736,0.4232742512180461,0.4073919508760727,0.4494151432707225,0.045806,0.0813665307333616,814,0.0704,704,0.0568,568,15840.389816371526,0.3186527552084579,91.49456794144176,0.0387
2026-08-14 00:00:00,"STRC",95.25,94.78,95.34,94.0226,0.18896909,522430116,-0.01324166669999999,0.08871543712886436,0.18561111103333336,10254161200,9718893985.36,113862911.19795425,114793728.18278407,0.12,0.1266089892382359,0.20096664958450144,0.23887433108986839,0.22198632098831853,"2026-08-15","2026-08-31",0.6204222415073967,0.4278526444752576,0.40639753713306737,0.4500402117677267,0.0455072,0.08110178923823591,811,0.0694,694,0.0572,572,16184.102150403298,0.3434923595848454,91.12640458956058,0.0386
2026-08-13 00:00:00,"STRC",95.7,95.77,95.9,95.7,0.19664873,550456878,-0.008341666700000042,0.09494382015321746,0.19105555547777772,10254161200,9820410181.24,118501457.90787742,119405043.11744288,0.12,0.12530019839198078,0.1988892037967949,0.23620390482311454,0.22174969324204924,"2026-08-15","2026-08-31",0.6182867729009341,0.42142093334967473,0.3879402115359881,0.44275910733010965,0.045097200000000004,0.08020299839198078,802,0.0685,685,0.0568,568,16184.102150403298,0.3714415264772559,90.77727780353872,0.0387
2026-08-12 00:00:00,"STRC",95.34,95.315,95.81,95.0844,0.2020993,535153606.6,-0.012792945994599434,0.09152265050618663,0.1859999999222222,10254161200,9773753747.78,110606152.78179583,123527333.31797926,0.12,0.12589833709279757,0.1998386303060279,0.2361982035288691,0.22169944455542945,"2026-08-15","2026-08-31",0.6168418301937878,0.4210010013546834,0.3872183947748299,0.4421155795233161,0.045618,0.08028033709279758,803,0.0687,687,0.0572,572,16184.102150403298,0.3381734467050685,90.4504968099633,0.0387
2026-08-11 00:00:00,"STRC",94.23,95.32,95.55,94.18,0.19483573,531520047.7,-0.01284166670000007,0.08867924521162668,0.1860555554777777,10254161200,9774266455.84,98777108.52293499,134606401.80176902,0.12,0.1258917331095258,0.19982814779289812,0.2491764423215606,0.2217141954875781,"2026-08-15","2026-08-31",0.610258381300644,0.412998604586304,0.3869841310615976,0.44462739080197056,0.0457786,0.08011313310952581,801,0.0686,686,0.0573,573,16184.102150403298,0.36346480826289734,90.13417314426565,0.0389
2026-08-10 00:00:00,"STRC",95.26,94.35,95.55,94.191,0.21616062,519436540,-0.02244391109110912,0.08487179479999994,0.17527777769999994,10254161200,9674801092.199999,118390824.62616765,152335000.15358338,0.12,0.12718600953895073,0.20188255482373132,0.25031309277193686,0.22191428030474733,"2026-08-15","2026-08-31",0.6117671647384542,0.4143509446603666,0.3916695464299176,0.4446891697515552,0.045929,0.08125700953895074,813,0.0699,699,0.0573,573,16184.102150403298,0.3135804778759614,89.8329034047183,0.0389
2026-08-07 00:00:00,"STRC",94.58,95.01,95.38,94.58,0.19539589,513836106,-0.015547885854341624,0.09063428622809716,0.18261111103333338,10369363200,9851931976.32,142395584.1093893,164067902.65932706,0.12,0.12630249447426586,0.20048014995915217,0.4096411705403985,0.22144032843034858,"2026-08-15","2026-08-31",0.610852996606699,0.41292601503474086,0.39008414107171435,0.4399920480132014,0.0453,0.08100249447426586,810,0.0688,688,0.0575,575,17060.246776656557,0.37192003222855785,89.43582608422017,0.0387
2026-08-06 00:00:00,"STRC",93.85,94.06,94.8974,93.6,0.201441,510957645,-0.025149211463439,0.08747422673195879,0.17205555547777782,10369363200,9753423025.92,127062893.99111798,181110155.1839736,0.12,0.1275781416117372,0.20250498668529712,0.41527866559605275,0.22129204408095585,"2026-08-15","2026-08-31",0.6083371003816507,0.41013533717626166,0.36967342333848474,0.43492036054960925,0.045693599999999994,0.0818845416117372,819,0.0695,695,0.0581,581,17060.246776656557,0.3500645754242016,88.94140922406353,0.039
2026-08-05 00:00:00,"STRC",93.09,94.1,94.42,92.98,0.19693268,463636467.3,-0.024651527310924366,0.09352331598963724,0.17249999992222215,10369363200,9757570771.199999,131520925.4066366,193088387.7477451,0.12,0.1275239107332625,0.2024189059258135,0.4679157305314177,0.2213552916962019,"2026-08-15","2026-08-31",0.6064854695448225,0.41014715277759295,0.3689367011442612,0.43950503979562155,0.045052,0.08247191073326249,825,0.0702,702,0.0574,574,17060.246776656557,0.3570061727571644,88.47723570319815,0.0389
2026-08-04 00:00:00,"STRC",92.48,92.53,94.23,92.26,0.19520679,447279987,-0.040261797598799415,0.07848324507729018,0.1550555554777778,10369363200,9594771768.960001,166374696.71184886,194972460.8236944,0.12,0.12968766886415217,0.2058534426415114,0.5252255156769663,0.220703344025461,"2026-08-15","2026-08-31",0.6034478105762114,0.4022402696339494,0.36606444444722874,0.43637490856656,0.044974,0.08471366886415217,847,0.0722,722,0.0575,575,17060.246776656557,0.3869178142653823,88.15687276470081,0.0389
2026-08-03 00:00:00,"STRC",90,92.32,92.8,89.85,0.25224159,419659377,-0.04149976637292215,0.10202889306352234,0.15272222214444436,10369363200,9572996106.24,169834310.50253648,199808266.46434525,0.12,0.12998266897746968,0.2063216967896344,0.528141081855261,0.22113245815266552,"2026-08-15","2026-08-31",0.6012284740116419,0.3967519905153458,0.3594569232986404,0.430524137500383,0.045668,0.08431466897746968,843,0.0717,717,0.0583,583,17060.246776656557,0.3605411628975142,87.94236541595856,0.0391
2026-07-31 00:00:00,"STRC",89.18,89.46,89.8599,88.22,0.22768847,404516911.5,-0.06911445283208026,0.06779212524343765,0.1209444443666666,10460577500,9358032631.5,186013853.7685117,226063992.0647482,0.12,0.1341381623071764,0.21291771794789904,0.5201038809561499,0.21971961099672546,"2026-07-31","2026-08-15",0.6017656424078944,0.3891594072098743,0.34351161280943426,0.4102990834337154,0.046024,0.08811416230717639,881,0.0748,748,0.0593,593,17431.538502562886,0.21886051938912288,87.69205283099843,0.0383
2026-07-30 00:00:00,"STRC",88.51,89.5,89.9,88.0129,0.22691882,407545190.1,-0.07372598165413534,0.06269841262433863,0.11583333325555556,10460577500,9362216862.5,96484102.71511601,235118317.90280142,0.12,0.1340782122905028,0.21282255919127427,0.5203057078474319,0.2197194897406688,"2026-07-31","2026-08-15",0.607276803260579,0.39456674375648354,0.3413306106686659,0.40992674073749247,0.045324,0.08875421229050279,888,0.0759,759,0.0582,582,17431.538502562886,0.19678540051573248,86.94331252184828,0.0382
2026-07-29 00:00:00,"STRC",88.02,87.51,89.0586,87.5,0.22474186,400223493,-0.09112462722428867,0.0937222221444445,0.0937222221444445,10460577500,9154051370.25,93249385.55397277,239190591.3727754,0.12,0.13712718546451833,0.21766219915002907,0.5234927835270436,0.21896770010565703,"2026-07-31","2026-08-15",0.6020434883948674,0.3880749013923823,0.3274521055892406,0.3949541871446044,0.045128,0.09199918546451832,920,0.0791,791,0.058,580,17431.538502562886,0.09529169534885344,85.8353754600755,0.0383
2026-07-28 00:00:00,"STRC",88,88.22,89.19,87.92,0.225567,396767420,-0.08380258089492211,0.10161111103333333,0.10161111103333333,10460577500,9228321470.5,75622643.10243787,245303611.40999162,0.12,0.13602357742008614,0.21591044034934306,0.5332354572879066,0.2192681998115526,"2026-07-31","2026-08-15",0.6006581441356267,0.3878761371843771,0.3193375594125265,0.3752345727698497,0.0447688,0.09125477742008614,913,0.0782,782,0.0579,579,17431.538502562886,0.13300974225302092,84.13247017227103,0.039
2026-07-27 00:00:00,"STRC",88.5,88.32,89.39,87.85,0.23407513,378929055.5,-0.08279705047762705,0.10272222214444438,0.10272222214444438,10460577500,9238782048,129889940.848512,250913397.52098614,0.12,0.13586956521739132,0.2156659765355418,0.5336026099312945,0.21970990323198436,"2026-07-31","2026-08-15",0.6010518895697885,0.3884728654549451,0.31906275471776724,0.37567999790394463,0.045219999999999996,0.09064956521739133,906,0.0774,774,0.0584,584,17431.538502562886,0.13917053154409417,82.88254285144116,0.0396
2026-07-24 00:00:00,"STRC",85,86.885,87.38,84.94,0.2499202,358445931.1,-0.09795204129408214,0.08677777770000006,0.08677777770000006,10460577500,9088672760.875,135271148.02685782,250900975.6730777,0.12,0.13811359843471255,0.21922793402335325,0.5322315642292856,0.2195071842508432,"2026-07-31","2026-08-15",0.5922749129787344,0.37857926401808495,0.3184338823269628,0.36860092680064827,0.045506399999999995,0.09260719843471255,926,0.0796,796,0.0585,585,17431.538502562886,0.06459460992127537,82.69924706023606,0.0396
2026-07-23 00:00:00,"STRC",86.98,84.94,86.98,84.5206,0.26004099,341770291,-0.11811412319277105,0.06516666658888887,0.06516666658888887,10489470500,8909756242.699999,107929839.57585478,252458192.47715214,0.12,0.14127619496114904,0.22424792850976039,0.5272750222566434,0.21871139558582953,"2026-07-31","2026-08-15",0.6016981824943187,0.3857690592980795,0.3213648593409563,0.36899364452980954,0.04568,0.09559619496114904,956,0.0823,823,0.059,590,18087.98483007911,-0.04029829550090778,82.77873541738559,0.0395
2026-07-22 00:00:00,"STRC",87.88,87.45,88.278,87.1801,0.27423317,349779232,-0.0914538080249396,0.09305555547777782,0.09305555547777782,10489470500,9173041952.25,54869426.928925954,259814412.3643862,0.12,0.137221269296741,0.21781153856625554,0.5217377508218017,0.21720320668867193,"2026-07-31","2026-08-15",0.5895240298964899,0.37525434401988544,0.30426372154650816,0.3496814182410523,0.0453324,0.091888869296741,919,0.0787,787,0.0585,585,18087.98483007911,0.09444451633344585,83.15630594545863,0.0389
2026-07-21 00:00:00,"STRC",88.95,88.16,89,87.52,0.24068103,346801913.5,-0.08293047305871698,0.10094444436666664,0.10094444436666664,10489470500,9247517192.8,79523367.14698832,271130583.40391904,0.12,0.13611615245009076,0.2160573848414139,0.5216538091867449,0.21750521274236806,"2026-07-31","2026-08-15",0.5897716854918877,0.37572363538458226,0.29863204010831135,0.34658526970218384,0.0449636,0.09115255245009077,912,0.0781,781,0.0581,581,18087.98483007911,0.13326232710632627,83.57190880600855,0.0387
2026-07-20 00:00:00,"STRC",86.11,87.1,88.81,86.05,0.22708127,331409248,-0.09388005104712041,0.08916666658888883,0.08916666658888883,10489470500,9136328805.5,80456159.21642,291882305.216823,0.12,0.13777267508610794,0.218686785850965,0.532800164570515,0.21758613231163967,"2026-07-31","2026-08-15",0.5870277767807652,0.37144634863628295,0.2884744939149596,0.34435547773571895,0.0445636,0.09320907508610793,932,0.0799,799,0.0579,579,18087.98483007911,0.07709247703067372,84.01498182869183,0.0386
2026-07-17 00:00:00,"STRC",84.93,85.29,86.49,83.8102,0.4311739,693891606.5,-0.11111951083560112,0.06905555547777785,0.06905555547777785,10489470500,8946469389.45,83147802.16656342,301561820.67851603,0.12,0.14069644741470277,0.22332769430905203,0.5306901497918777,0.21693832393378062,"2026-07-31","2026-08-15",0.5836296157961478,0.3664068015180703,0.29424007895140936,0.34787985099113855,0.0439826,0.09671384741470278,967,0.0825,825,0.0582,582,18354.64359574531,-0.022380199035326474,84.2706006373584,0.0385
2026-07-16 00:00:00,"STRC",87.75,85.42,87.75,84.87,0.29688851,697271382.5,-0.10846120199878861,0.07049999992222224,0.07049999992222224,10489470500,8960105701.1,83629873.34067267,311555892.621608,0.12,0.14048232264106766,0.22298781371598042,0.5318305587515755,0.21738687827231776,"2026-07-31","2026-08-15",0.583931256617981,0.3658124317414187,0.2961308312291174,0.3478094822334406,0.044076,0.09640632264106766,964,0.082,820,0.0585,585,18354.64359574531,-0.014461592625732872,84.66177889964821,0.0384
2026-07-15 00:00:00,"STRC",88.34,87.78,89.37,87.69,0.2381147,727864514.1,-0.08703349446234386,0.09672222214444445,0.09672222214444445,10489470500,9207657204.9,88525163.76718013,327369932.7248283,0.12,0.1367053998632946,0.2169926981957057,0.5297976159412133,0.21608418549504047,"2026-07-31","2026-08-15",0.5790614540429996,0.3627737029643268,0.28847206613144505,0.33231329793944225,0.043991999999999996,0.0927133998632946,927,0.0787,787,0.058,580,18354.64359574531,0.11530085400031294,85.01288742841398,0.0383
2026-07-14 00:00:00,"STRC",88,88.21,89.5,87.32,0.32232975,736482133,-0.08435833337000005,0.0959444443666666,0.0959444443666666,10489470500,9252761928.05,113732366.50900051,336042172.6015767,0.12,0.1360389978460492,0.2159349172159511,0.5307110671166734,0.21648617815000892,"2026-07-31","2026-08-15",0.5759126635561646,0.3544957456824858,0.28348510655367537,0.32993881785064116,0.0444122,0.0916267978460492,916,0.0777,777,0.0583,583,18354.64359574531,0.11245215231393887,85.15987364873551,0.0384
2026-07-13 00:00:00,"STRC",87.88,87.02,87.88,86.4,0.36155942,716801084,-0.09625833337000003,0.0827222221444444,0.0827222221444444,10489470500,9127937229.1,80088435.78334484,345601835.5771794,0.12,0.1378993334865548,0.2188878309310394,0.5283068719586186,0.2164684380613528,"2026-07-31","2026-08-15",0.5692177008665186,0.34442796207554843,0.2812136982504287,0.32280592808352565,0.04487,0.09302933348655482,930,0.0782,782,0.0597,597,18354.64359574531,0.04753809364368575,85.36833781904035,0.0389
2026-07-10 00:00:00,"STRC",86.56,87.48,87.91,85.811,0.35600788,718076037.7,-0.09165833336999996,0.0878333332555556,0.0878333332555556,10489470500,9176188793.4,109306168.58847386,356062194.3189075,0.12,0.13717421124828533,0.21773684325124654,0.5289181601258239,0.21686659684364948,"2026-07-15","2026-07-31",0.5559056368424373,0.3308611775642757,0.2802326582754434,0.32178175029832895,0.0442324,0.09294181124828532,929,0.0781,781,0.059,590,18887.961127077717,0.07388485856468935,85.79529622665126,0.0385
2026-07-09 00:00:00,"STRC",86.75,85.71,86.8777,85.16,0.36713096,697412197.2,-0.10935833337000006,0.06816666658888883,0.06816666658888883,10489470500,8990525165.55,101975101.69050783,358593200.7402839,0.12,0.1400070003500175,0.22223333388891667,0.5235871282109196,0.21625645588677533,"2026-07-15","2026-07-31",0.5550344133150448,0.32646670369144654,0.27555819328869935,0.32265729460535864,0.043904200000000004,0.0961028003500175,961,0.0811,811,0.0589,589,18887.961127077717,-0.025627449558901592,86.29238051845103,0.0383
2026-07-08 00:00:00,"STRC",85.74,86.17,86.49,84.7405,0.39742206,682796542.5,-0.10475833336999997,0.07327777770000002,0.07327777770000002,10489470500,9038776729.85,112557947.42163573,361502627.1909978,0.12,0.13925960311013114,0.2210469890637002,0.5236193197970539,0.21665717671666748,"2026-07-15","2026-07-31",0.5508129189780866,0.3223506490697518,0.2785120391207005,0.3252858227123988,0.04423,0.09502960311013114,950,0.0792,792,0.06,600,18887.961127077717,0.0011634313297963763,86.80944928038214,0.0387
2026-07-07 00:00:00,"STRC",89,86.56,89,86.3,0.41056794,684656640,-0.10085833336999997,0.07761111103333336,0.07761111103333336,10489470500,9079685664.800001,128989014.03438495,363497760.9888039,0.12,0.13863216266173753,0.22005105184402782,0.5239872753947865,0.21707908350042165,"2026-07-15","2026-07-31",0.5497027492672718,0.31927175472354546,0.27695264027144584,0.32098051730202515,0.043988,0.09464416266173753,946,0.0792,792,0.0594,594,18887.961127077717,0.02400866350323284,87.18145474760473,0.0386
2026-07-06 00:00:00,"STRC",87.75,88.58,91.33,87.25,0.33913681,687519360,-0.08065833337,0.10005555547777777,0.10005555547777777,10489470500,9291572968.9,205223239.53990117,365720858.4932534,0.12,0.13547076089410703,0.2150329538001699,0.5211144628023237,0.21625139925100953,"2026-07-15","2026-07-31",0.5463339567964738,0.320162229487415,0.27021821916095284,0.30775676424100884,0.0434284,0.09204236089410703,920,0.0768,768,0.0586,586,18887.961127077717,0.13767526250038672,87.52015378076015,0.0387
2026-07-02 00:00:00,"STRC",90,87.87,90.08,85.5,0.38132086,648574648.8,-0.08775833336999994,0.09216666658888895,0.09216666658888895,10489470500,9217097728.35,252202359.23771858,364233153.2813331,0.12,0.13656538067599863,0.21677044551745814,0.5201257754657902,0.216543701240812,"2026-07-15","2026-07-31",0.5385041500086024,0.30521619664695415,0.2668574390967017,0.3040304861030958,0.0435532,0.09301218067599863,930,0.0771,771,0.0595,595,18807.98359144782,0.0987766513258743,88.00417147168835,0.0382
2026-07-01 00:00:00,"STRC",84.99,87.46,89.25,84.86,0.36228282,626565217.5,-0.09185833337000006,0.08761111103333327,0.08761111103333327,10489470500,9174090899.3,242170163.92396858,362485616.2448004,0.12,0.13720557969357422,0.21778663443424479,0.5197456899040847,0.21695078794774048,"2026-07-15","2026-07-31",0.5411702947033759,0.3036768535390384,0.26792070951993,0.3026327266760315,0.0435376,0.09366797969357421,937,0.0777,777,0.0595,595,18807.98359144782,0.07647318153699505,88.3717977330202,0.0385
2026-06-30 00:00:00,"STRC",80.99,84.86,85,80.5201,0.47975458,585296910,-0.1175494756864903,0.05872222214444444,0.05872222214444444,10489470500,8901364666.3,442978207.29548913,369689452.7894124,0.12,0.14140938015555032,0.22445933358023862,0.5097378708925792,0.21504444648967364,"2026-07-15","2026-07-31",0.5228665659346471,0.2863368162394729,0.27397138702578516,0.29000534202042044,0.042975,0.09843438015555032,984,0.0814,814,0.06,600,18807.98359144782,-0.07596500043821457,88.39641589265828,0.0387
2026-06-29 00:00:00,"STRC",81.33,83.67,84.94,77.06,0.52827473,526494807.6,-0.13377039342408165,0.04017592581111114,0.04017592581111114,10489470500,8776539967.35,630635059.0773655,371520151.3019386,0.12,0.14342058085335246,0.227651715640242,0.5063203878976467,0.21496658133901184,"2026-07-15","2026-07-31",0.5478032202389078,0.302706921715085,0.2679594045387773,0.30208773589885474,0.0423888,0.10103178085335246,1010,0.0842,842,0.0592,592,18807.98359144782,-0.17678742088898117,89.09727217009993,0.0387
2026-06-26 00:00:00,"STRC",72.06,74.57,76.62,71.25,0.76922018,429536775,-0.22531759534860465,-0.06093518530000007,-0.06093518530000007,10489470500,7821998151.849999,470377899.798478,402527807.4952231,0.115,0.15421751374547407,0.24478970435789535,0.346266083808006,0.17746838132576126,"2026-06-15","2026-06-30",0.5166167103222299,0.3746162642906585,0.2059522966983471,0.2552106325427608,0.0420164,0.11220111374547406,1122,0.0934,934,0.0608,608,20165.135130988725,-0.9877888191627165,90.12307737905746,0.0383
2026-06-25 00:00:00,"STRC",81.3,75.69,81.5,73.62,0.73986237,405480389.6,-0.21387832706623974,-0.048490740855555575,-0.048490740855555575,10489470500,7939480221.45,653663159.8487849,404525318.3866338,0.115,0.15193552648962874,0.24116750236449006,0.34719765145797354,0.17725395689863593,"2026-06-15","2026-06-30",0.5105861675535068,0.37656229311927536,0.20016803803379463,0.25099958672191774,0.042335,0.10960052648962874,1096,0.0907,907,0.0612,612,20165.135130988725,-0.8988716593151583,91.44184950627222,0.0384
2026-06-24 00:00:00,"STRC",86,80.84,86.41,79.85,0.63300814,385016295.6,-0.1624312156778389,0.00873148136666671,0.00873148136666671,10489470500,8479687952.200001,486409870.90426654,395144667.43612957,0.115,0.14225630875804057,0.2258036646953025,0.3026502380119512,0.16379212364635412,"2026-06-15","2026-06-30",0.47771091601975363,0.4169554590402284,0.23583328783328655,0.19887868820630525,0.0427128,0.09954350875804058,995,0.0813,813,0.0609,609,20165.135130988725,-0.5358712941646551,93.13785944197026,0.0385
2026-06-23 00:00:00,"STRC",87.04,87.31,88.25,86.5501,0.43940433,392873084,-0.09688563996595231,0.08062037025555559,0.08062037025555559,10489470500,9158356693.550001,188043117.68511453,393823518.887294,0.115,0.1317145802313595,0.20907076227199922,0.2157718730961189,0.1427190393373628,"2026-06-15","2026-06-30",0.47303446949465167,0.4414278386992912,0.31282454411030214,0.22766085785311763,0.0439328,0.08778178023135952,878,0.0707,707,0.061,610,20165.135130988725,-0.029155655366231895,94.08574575591439,0.0385
2026-06-22 00:00:00,"STRC",91,88.79,91.84,88.02,0.39646211,361217116.5,-0.07920642900050218,0.09706481470000007,0.09706481470000007,10489470500,9313600856.95,311448865.9313733,394862467.0371519,0.115,0.12951908998761122,0.2055858571231924,0.21295593362033394,0.1419599674131998,"2026-06-15","2026-06-30",0.46009304341788104,0.4219696949868342,0.27897127170165054,0.22334286688256036,0.044132,0.08538708998761121,854,0.069,690,0.0605,605,20165.135130988725,0.10425527352459903,94.39663246752365,0.0385
2026-06-18 00:00:00,"STRC",89.17,88.59,89.68,82.53,0.8770597,375217873.8,-0.08140002015667361,0.09484259247777782,0.09484259247777782,10489470500,9292621915.95,957506078.5146247,391515879.69162476,0.115,0.12981149113895474,0.2060499859348488,0.21250867265013348,0.1422536204336534,"2026-06-15","2026-06-30",0.45318530412315194,0.41526469079724565,0.2802208756200614,0.24361230069606457,0.0435834,0.08622809113895474,862,0.0687,687,0.0611,611,20531.798611783543,0.08773018411695489,94.69150166767658,0.0383
2026-06-17 00:00:00,"STRC",93,89,93.2,88.5,0.41405866,354811136,-0.08010012522653318,0.09939814803333334,0.09939814803333334,10489470500,9335628745,457643628.910109,367995778.0354397,0.115,0.12921348314606743,0.20510076689851972,0.21283886279118455,0.14249984345044184,"2026-06-15","2026-06-30",0.4490889816185651,0.4102299110260181,0.28739305796368464,0.2498560455155673,0.0439408,0.08527268314606742,853,0.0685,685,0.0607,607,20531.798611783543,0.12600892426447982,96.18579193443371,0.0383
2026-06-16 00:00:00,"STRC",95.22,91.79,95.23,91.72,0.25449283,344399865,-0.0517379545928077,0.1303981480333334,0.1303981480333334,10489470500,9628284971.95,218652306.81433457,360646200.04376763,0.115,0.12528597886480008,0.1988666331187303,0.19662666159299086,0.13900113209769793,"2026-06-15","2026-06-30",0.4451053613103602,0.41447543849291413,0.2530697841803661,0.24415952287635137,0.0432578,0.08202817886480009,820,0.0659,659,0.0594,594,20531.798611783543,0.38121160093319373,96.78604789934413,0.0379
2026-06-15 00:00:00,"STRC",94.32,95.2,96.05,94.1,0.19269686,349384689,-0.0167919800200501,0.16828703692222227,0.16828703692222227,10489470500,9985975916,276639986.67046005,362179169.93022144,0.115,0.1207983193277311,0.19174336401227157,0.16795195152191347,0.1337259492205372,"2026-06-15","2026-06-30",0.6020868332804759,0.5487616448825459,0.3164056163419541,0.31084907311053084,0.0437488,0.0770495193277311,770,0.0612,612,0.0595,595,20531.798611783543,0.7070979134641269,97.06804136266793,0.0379
2026-06-12 00:00:00,"STRC",96.68,94.8,97.025,94.8,0.20874615,347674555.2,-0.023347665303469732,0.15319444436666663,0.15319444436666663,10489470500,9944018034,243916226.43227518,361521283.1741845,0.115,0.12130801687763713,0.19255240774228116,0.16718906031894584,0.1339567074467604,"2026-06-15","2026-06-30",0.6630235588066765,0.6435582805507201,0.3292319654156327,0.3429567050203384,0.0438982,0.07740981687763714,774,0.0604,604,0.0609,609,20688.630899987696,0.5902637543532429,97.69244116692572,0.0378
2026-06-11 00:00:00,"STRC",96.19,96.49,96.74,96.0184,0.2589132,351080487,-0.006648005668299574,0.17197222214444438,0.17197222214444438,10489470500,10121290085.449999,129517285.41125837,361732098.4856175,0.115,0.11918333506062805,0.1891798969216318,0.160154880244787,0.1328993805027235,"2026-06-15","2026-06-30",0.6909642279554173,0.6578869711991323,0.3489045042043391,0.3515996797367847,0.0436738,0.07550953506062805,755,0.0585,585,0.0607,607,20688.630899987696,0.7531079835039296,97.88238450462222,0.0378
2026-06-10 00:00:00,"STRC",96,95.81,97.4,95.3001,0.27980441,351592830.3,-0.013347330603879163,0.16441666658888893,0.16441666658888893,10489470500,10049961686.050001,181987652.1490885,363724376.7087359,0.115,0.12002922450683644,0.19052257858228006,0.1586726788117976,0.1329923541872384,"2026-06-15","2026-06-30",0.6907331293286089,0.656853522130742,0.34599063808183533,0.3480363828501367,0.0446096,0.07541962450683644,754,0.058,580,0.062,620,20688.630899987696,0.6946992886268224,97.99569295603037,0.0379
2026-06-09 00:00:00,"STRC",97.07,96.18,97.39,94.5,0.2977898,340625636,-0.010043973685788483,0.16852777770000008,0.16852777770000008,10489470500,10088772726.900002,328616436.192878,363859189.83774453,0.115,0.11956747764608026,0.18978964705727025,0.1585337180483063,0.1332334686095458,"2026-06-15","2026-06-30",0.6839425717809231,0.6400900546410686,0.34408378933758177,0.34554892575471274,0.044463,0.07510447764608026,751,0.0573,573,0.0623,623,20688.630899987696,0.732077893740161,98.13176020952613,0.0379
2026-06-08 00:00:00,"STRC",95.14,96.85,97.73,95,0.26853352,338476832.7,-0.002949410187962426,0.17597222214444438,0.17597222214444438,10489470500,10159052179.25,394354558.11491024,359577486.9485634,0.115,0.11874032008260196,0.18847669854381263,0.15757006701534235,0.1333257166249845,"2026-06-15","2026-06-30",0.6845609899090828,0.6363283940936931,0.33644729727935285,0.3415861010937155,0.0447954,0.07394492008260196,739,0.0567,567,0.062,620,20688.630899987696,0.7978903818094873,98.25050960012791,0.038
2026-06-05 00:00:00,"STRC",95.35,93.4,95.5,90.38,0.49962132,261223435.2,-0.03734626544345565,0.13763888881111117,0.13763888881111117,10489470500,9797165447,702075021.534106,353749514.719128,0.115,0.12312633832976444,0.19543863226946737,0.10934777513927083,0.1276918411518109,"2026-06-15","2026-06-30",0.7069679172380492,0.6331143776422952,0.361394931410195,0.36030657231760177,0.0445692,0.07855713832976444,786,0.0601,601,0.0631,631,20845.16336259313,0.49520173979978543,98.3721252661623,0.0378
2026-06-04 00:00:00,"STRC",94.2,95.42,96.5,94.102,0.2421935,244400142,-0.017541229455272322,0.16008333325555557,0.16008333325555557,10489470500,10009052751.1,370841623.06721246,336309046.3499433,0.115,0.12051980716830853,0.19130128121953735,0.09232847540985857,0.1258497029950163,"2026-06-15","2026-06-30",0.7028578848456039,0.6202861576373088,0.3046460417574895,0.32016517934643296,0.0437604,0.07675940716830854,768,0.0593,593,0.0613,613,20845.16336259313,0.7080079469738609,98.95417100959597,0.0378
2026-06-03 00:00:00,"STRC",97.24,94.65,97.33,94.5,0.25959165,203998413.9,-0.024847515318468148,0.15152777770000006,0.15152777770000006,10489470500,9928283828.25,382969960.4593204,332844398.82154393,0.115,0.12150026413100898,0.19285756211271265,0.0881536187222331,0.12583846148322894,"2026-06-15","2026-06-30",0.7025392341916032,0.6325769019938351,0.30317603200099724,0.31993231480033774,0.0439536,0.07754666413100897,775,0.0606,606,0.0609,609,20845.16336259313,0.634956417364804,99.1523140369965,0.0378
2026-06-02 00:00:00,"STRC",98.128,96.71,98.15,95.59,0.23264517,163274769,-0.004150000070000064,0.17441666658888882,0.17441666658888882,10489470500,10144366920.55,558051076.4372787,326291669.84389746,0.115,0.11891221176713887,0.18874954248752202,0.06450279016656373,0.12390077663820363,"2026-06-15","2026-06-30",0.6982087717579606,0.6379951662044105,0.2841753172667739,0.2950258984844753,0.0437242,0.07518801176713888,752,0.0589,589,0.06,600,20845.16336259313,0.8578461424506619,99.36114123797046,0.0377
2026-06-01 00:00:00,"STRC",98.89,98.07,98.96,98,0.0821836,154199152.8,0.00944999992999993,0.18952777769999993,0.18952777769999993,10489470500,10287023719.349998,348692360.0696327,317928602.4610166,0.115,0.11726317936168044,0.1861320307328261,0.05071146622809514,0.12322693604674784,"2026-06-15","2026-06-30",0.6859129119118341,0.6236801396383326,0.289960454935901,0.3059400648542464,0.0438938,0.07336937936168045,734,0.0589,589,0.0584,584,20845.16336259313,1.0054849021761447,99.56923782519571,0.0378
2026-05-29 00:00:00,"STRC",98.75,98.99,99.319,98.6801,0.07849581,153981729,0.01864999992999995,0.19974999992222217,0.19974999992222217,10489470500,10383526847.949999,400522255.7770835,317471553.10998124,0.115,0.11617335084351955,0.1844021441960628,0.04296845254124841,0.12307597502894853,"2026-05-15","2026-05-31",0.6799468889583857,0.6195258566858017,0.295538737239216,0.30692417561572244,0.0436616,0.07251175084351955,725,0.0588,588,0.0574,574,20878.743638428045,1.1057503496496155,99.61942541728165,0.0369
2026-05-28 00:00:00,"STRC",99.19,98.57,99.23,97.11,0.07263713,146185209,0.014449999929999931,0.1950833332555555,0.1950833332555555,10489470500,10339471071.849998,393899198.035189,315106055.68672264,0.115,0.11666835751242773,0.1851878690673456,0.041207824859217916,0.1232923699914731,"2026-05-15","2026-05-31",0.679743559081727,0.6202025252128957,0.2991369700764538,0.309733840291584,0.04369,0.07297835751242773,730,0.0592,592,0.0575,575,20878.743638428045,1.0680023662787024,99.65682121190292,0.0369
2026-05-27 00:00:00,"STRC",99.49,99.17,99.49,99.11,0.05753133,143201952,0.020449999930000014,0.20174999992222226,0.20174999992222226,10489470500,10402407894.85,185236361.22976628,318659752.7957163,0.115,0.1159624886558435,0.1840674423108627,0.037886599547556805,0.1233955251077499,"2026-05-15","2026-05-31",0.6858676684185507,0.6260481029417888,0.32514530586590673,0.3281509448201868,0.0440002,0.07196228865584349,720,0.0582,582,0.0578,578,20878.743638428045,1.1345435236606263,99.70473743775031,0.0368
2026-05-26 00:00:00,"STRC",99.39,99.47,99.55,99.35,0.05876769,144043185.5,0.023449999929999986,0.20508333325555556,0.20508333325555556,10489470500,10433876306.35,189257895.21192336,365230035.5585374,0.115,0.11561274756207902,0.18351229771758576,0.04200278472265733,0.1236432577885416,"2026-05-15","2026-05-31",0.6845955565041512,0.6253191816821115,0.32487231263781163,0.33014424300810546,0.0442126,0.07140014756207902,714,0.0583,583,0.0573,573,20878.743638428045,1.1696509472648307,99.70938312622773,0.0368
2026-05-22 00:00:00,"STRC",99.42,99.3,99.44,99.2,0.06098357,140361382.4,0.023592466369465076,0.20319444436666664,0.20319444436666664,10489470500,10416044206.5,172411961.3558208,398014819.7367333,0.115,0.11581067472306143,0.18382646781438322,0.0416095060733116,0.12393523513366211,"2026-05-15","2026-05-31",0.6674477018013621,0.6112381328785151,0.324822938857701,0.3332100256222734,0.044857600000000004,0.07095307472306142,710,0.0577,577,0.0582,582,21022.153085436476,1.1567871157959004,99.7128636394542,0.0368
2026-05-21 00:00:00,"STRC",99.22,99.32,99.505,99.145,0.05056873,134651365.2,0.02379282701863354,0.20341666658888882,0.20341666658888882,10489470500,10418142100.599998,195681939.16786838,409912627.46213925,0.115,0.11578735400724931,0.18378945080515763,0.041615519566532484,0.12423913373516918,"2026-05-15","2026-05-31",0.6661779452702417,0.6074658800149361,0.32473935921171476,0.3340219513564123,0.0448808,0.07090655400724931,709,0.0582,582,0.0576,576,21022.153085436476,1.163146992051565,99.72086474056205,0.0368
2026-05-20 00:00:00,"STRC",99.1,99.16,99.35,99.03,0.04163414,131568612.5,0.02218994182528555,0.20163888881111108,0.20163888881111108,10489470500,10401358947.8,160592083.18229428,413715940.668727,0.115,0.11597418313836225,0.18408600498152738,0.041241028791106846,0.12453685210643764,"2026-05-15","2026-05-31",0.6594728457725326,0.6022186703017741,0.32480033360554983,0.33358458184958445,0.044797,0.07117718313836224,712,0.0586,586,0.0574,574,21022.153085436476,1.1512023943548144,99.72900534992161,0.0365
2026-05-19 00:00:00,"STRC",98.88,98.99,99.05,98.65,0.03832094,124930421.4,0.022125225697371045,0.19974999992222217,0.19974999992222217,10489470500,10383526847.949999,199776248.14173672,419467681.5934905,0.115,0.11617335084351955,0.1844021441960628,0.040797387008116096,0.12483522635083699,"2026-05-15","2026-05-31",0.6582163741632124,0.601325641781755,0.3249554890493774,0.3333192213368017,0.045783,0.07039035084351955,704,0.0574,574,0.0588,588,21022.153085436476,1.1381513109822137,99.73133453774963,0.0367
2026-05-18 00:00:00,"STRC",99.21,98.61,99.3,98.5001,0.03979876,117816954,0.019949748673366827,0.1955277777,0.1955277777,10489470500,10343666860.05,458285260.2623285,418486681.8879125,0.115,0.11662103234966027,0.18511274976136552,0.038761648935460795,0.1250807441434639,"2026-05-15","2026-05-31",0.6563523527694428,0.6017963718907575,0.3295563046116628,0.3392785068167852,0.0451888,0.07143223234966027,714,0.0584,584,0.0582,582,21022.153085436476,1.1037604606373561,99.74577548161717,0.0368
2026-05-15 00:00:00,"STRC",99.15,99.19,99.33,98.95,0.1001403,138645265,0.02269539071142285,0.2019722221444444,0.2019722221444444,8537490400,8468336727.76,497899162.67127585,408743610.62179154,0.115,0.11593910676479484,0.18403032819808704,0.03511708213518068,0.12520711875082882,"2026-05-15","2026-05-31",0.6520620221384427,0.598786488558975,0.3292280360679755,0.33654756632724486,0.0450486,0.07089050676479483,709,0.0601,601,0.0558,558,19276.843182487064,1.1696302183916776,99.78593768083647,0.0369
2026-05-14 00:00:00,"STRC",100,100,100.01,99.99,0.08412012,140367018,0.021209084799599227,0.2003240740333333,0.2003240740333333,8537490400,8537490400,1560864744.8759,399160733.9827723,0.115,0.115,0.18253968253968256,0.025659863590428635,0.12516499644430026,"2026-05-15","2026-05-31",0.6565029643099989,0.6020243523661171,0.3353229043424356,0.35210339943493385,0.0438704,0.07112960000000002,711,0.0607,607,0.0543,543,19276.843182487064,1.158902590457466,99.80534324369606,0.0369
2026-05-13 00:00:00,"STRC",100,100,100.01,99.99,0.07380205,139536976.5,0.021209084799599227,0.2003240740333333,0.2003240740333333,8537490400,8537490400,530303226.5408,352458388.07365566,0.115,0.115,0.18253968253968256,0.025659863590428635,0.12548185799333186,"2026-05-15","2026-05-31",0.6575972623840955,0.6035073118792217,0.33637399583233896,0.3510211570656086,0.0437704,0.0712296,712,0.0604,604,0.0546,546,19276.843182487064,1.1633371958952137,99.71238972734788,0.0369
2026-05-12 00:00:00,"STRC",100.01,99.99,100.01,99.99,0.07381605,138723063.5,0.028133226662001336,0.20021296292222215,0.20021296292222215,8537490400,8536636650.96,372243631.33365804,352209466.7929551,0.115,0.11501150115011502,0.1825579383335159,0.025664578512996656,0.12580138039195118,"2026-05-15","2026-05-31",0.6586581876792105,0.6004418238907875,0.33826227896085453,0.3517107231001079,0.0437704,0.07124110115011502,712,0.0609,609,0.0541,541,19276.843182487064,1.1667670063194833,99.64374864977299,0.037
2026-05-11 00:00:00,"STRC",100,100,100.01,99.99,0.06558023,135543222.5,0.02854166663,0.2003240740333333,0.2003240740333333,8537490400,8537490400,446775414.4392,346836953.0916194,0.115,0.115,0.18253968253968256,0.025715625356920926,0.12612276570015057,"2026-05-15","2026-05-31",0.6642969639884283,0.6042947640005867,0.3372951659022991,0.36568085970733394,0.043346,0.071654,717,0.0613,613,0.0537,537,19276.843182487064,1.1723018340886013,99.7101933214518,0.037
2026-05-08 00:00:00,"STRC",99.99,99.99,99.99,99.97,0.05846984,134279855,0.0413544619582826,0.20021296292222215,0.20021296292222215,8537349200,8536495465.08,219211562.18084705,338974752.518019,0.115,0.11501150115011502,0.1825579383335159,0.02576370501351524,0.1264472228846369,"2026-05-15","2026-05-31",0.667438778048761,0.6063771536738247,0.3388198692548361,0.366940225167841,0.0429216,0.07208990115011502,721,0.0616,616,0.0534,534,19289.27320629474,1.1757915509401966,99.73943551512457,0.0369
2026-05-07 00:00:00,"STRC",99.96,99.96,99.98,99.92,0.09808598,133703187.5,0.04105069525111369,0.1998796295888888,0.1998796295888888,8537349200,8533934260.32,211051245.5655618,338763037.1045244,0.115,0.11504601840736295,0.18261272763073483,0.02581467986272564,0.12677438255954845,"2026-05-15","2026-05-31",0.6697229187654311,0.6065916536257522,0.3399051344035467,0.37083625317960994,0.0431972,0.07184881840736296,718,0.0611,611,0.0539,539,19289.27320629474,1.1772190485642864,99.75056316201766,0.0369
2026-05-06 00:00:00,"STRC",99.98,99.97,99.98,99.95,0.09091006,130934157,0.04115195082017004,0.19999074069999997,0.19999074069999997,8537349200,8534787995.24,251903028.82907528,336807042.2247811,0.115,0.11503451035310594,0.18259446087794592,0.025828153482553472,0.12710330777683834,"2026-05-15","2026-05-31",0.6720176332579197,0.6067051182455706,0.34180831563267444,0.37295076071279515,0.0426972,0.07233731035310595,723,0.0619,619,0.0531,531,19289.27320629474,1.1828434290560306,99.7550651999168,0.0369
2026-05-05 00:00:00,"STRC",99.98,99.96,99.98,99.92,0.09448279,129481707,0.09762108106117212,0.1998796295888888,0.1998796295888888,8537349200,8533934260.32,237156289.15994567,334063312.815183,0.115,0.11504601840736295,0.18261272763073483,0.02582863523908153,0.1274354137043413,"2026-05-15","2026-05-31",0.671846904194735,0.6067756738401874,0.3469705341485056,0.374619837909078,0.043446,0.07160001840736295,716,0.0613,613,0.0537,537,19289.27320629474,1.1864068646483543,99.75872455840528,0.0369
2026-05-04 00:00:00,"STRC",99.94,99.95,99.95,99.89,0.07225191,128269593.2,0.049129162802326855,0.1997685184777778,0.1997685184777778,8537349200,8533080525.400001,264641403.40794846,332209881.44294703,0.115,0.11505752876438219,0.1826309980387019,0.02596311687001334,0.12777013660049288,"2026-05-15","2026-05-31",0.6721743393862188,0.6084897935611535,0.3482613913992755,0.37790534195755077,0.0435898,0.07146772876438219,715,0.0611,611,0.054,540,19226.377127187676,1.1899969153644414,99.75791640333497,0.037
2026-05-01 00:00:00,"STRC",99.88,99.86,99.9,99.81,0.09535484,124137078,0.03762164524699469,0.19876851847777774,0.19876851847777774,8537349200,8525396911.12,256903383.9893511,327752116.5360057,0.115,0.1151612257160024,0.182795596374607,0.02740500006550601,0.12810577753389252,"2026-05-15","2026-05-31",0.6711508529563026,0.6094638443883935,0.34862679155149673,0.3796546341596984,0.0429898,0.07217142571600241,722,0.0613,613,0.0539,539,19226.377127187676,1.1852103047152271,99.75725055801911,0.0368
2026-04-30 00:00:00,"STRC",99.52,99.75,99.84,99.52,0.080338,121902853.5,0.03651042189110017,0.19754629625555553,0.19754629625555553,8537349200,8516005827,250240685.7752655,323827392.14660734,0.115,0.11528822055137844,0.1829971754783785,0.02729971934224497,0.12844257574967533,"2026-05-15","2026-05-31",0.6760927567002871,0.6113947964423605,0.3490321096433896,0.37993772877184684,0.0430576,0.07223062055137844,722,0.061,610,0.0543,543,19226.377127187676,1.178288390461143,99.76430061088298,0.0368
2026-04-29 00:00:00,"STRC",99.52,99.47,99.57,99.46,0.06667737,120874275,0.04210374440370711,0.1944351851444444,0.1944351851444444,8537349200,8492101249.24,189285632.10481036,321110438.3034728,0.115,0.11561274756207902,0.18351229771758576,0.026143590479121567,0.12875201137695852,"2026-04-15","2026-04-30",0.679069418163052,0.6162066206555376,0.3551901773121303,0.38309874318228326,0.043260200000000006,0.07235254756207901,724,0.0609,609,0.0548,548,19226.377127187676,1.1535184295848,99.78132811880299,0.0368
2026-04-28 00:00:00,"STRC",99.5,99.45,99.55,99.37,0.08182006,120441272.5,0.033479812738660554,0.19421296292222223,0.19421296292222223,8537349200,8490393779.400001,186032046.01934746,319946069.92914,0.115,0.11563599798893916,0.1835492031570463,0.0276040274391068,0.12909762797266783,"2026-04-15","2026-04-30",0.6777700139798145,0.6111020379595553,0.3588698901624458,0.3874496228499306,0.0426094,0.07302659798893915,730,0.0618,618,0.0538,538,19226.377127187676,1.1560142008878713,99.79206675451414,0.0368
2026-04-27 00:00:00,"STRC",99.63,99.45,99.7,99.43,0.07813732,119081892.4,0.03170801394715617,0.19421296292222223,0.19421296292222223,8537349200,8490393779.400001,200165349.51744434,322042982.25945795,0.115,0.11563599798893916,0.1835492031570463,0.02765754939887552,0.12944567593941614,"2026-04-15","2026-04-30",0.6802093934597016,0.6128263835644521,0.3654866471463257,0.39184249115544983,0.0424586,0.07317739798893916,732,0.062,620,0.0537,537,19226.377127187676,1.1606723028515977,99.80150894801373,0.0368
2026-04-24 00:00:00,"STRC",99.66,99.53,99.76,99.53,0.08724231,117585913,0.028986599628140715,0.19510185181111112,0.19510185181111112,8537349200,8497223658.76,219515391.23184922,325435776.0336663,0.115,0.11554305234602633,0.18340167039051797,0.02771111672451795,0.12979078289039156,"2026-04-15","2026-04-30",0.6792848260879232,0.6117618109108193,0.36506565255442436,0.3916398549299488,0.0421172,0.07342585234602633,734,0.0623,623,0.0532,532,19303.583535465445,1.173983560745177,99.8120415670637,0.0369
2026-04-23 00:00:00,"STRC",99.5,99.6,99.67,99.45,0.0621494,115258056,0.029690117216080343,0.1958796295888888,0.1958796295888888,8537349200,8503199803.2,178860970.45856398,343016318.6051902,0.115,0.11546184738955824,0.18327277363421943,0.028648199699158335,0.13013977543662514,"2026-04-15","2026-04-30",0.6796102625564089,0.6138013062695986,0.3688047702326433,0.39049848398714576,0.042442400000000005,0.07301944738955823,730,0.0619,619,0.0535,535,19303.583535465445,1.1862931286437741,99.81926659642353,0.0369
2026-04-22 00:00:00,"STRC",99.47,99.44,99.52,99.4,0.07501501,112645632,0.025916825423728855,0.19410185181111106,0.19410185181111106,8537349200,8489540044.48,266902197.21523073,352451438.40721524,0.115,0.11564762670957361,0.18356766144376763,0.028145924579791214,0.13048748902928445,"2026-04-15","2026-04-30",0.6814781218162166,0.6147353589507323,0.36780712985805963,0.38974114823123573,0.042009399999999995,0.07363822670957362,736,0.0625,625,0.0531,531,19303.583535465445,1.1739404204795787,99.82747756725581,0.0369
2026-04-21 00:00:00,"STRC",99.41,99.29,99.5,99.24,0.05464541,112527974,0.026058931823204512,0.1924351851444445,0.1924351851444445,8537349200,8476734020.68,186388091.1299252,358204869.02514625,0.115,0.11582233860408903,0.18384498191125243,0.027676359797777696,0.1308393467338167,"2026-04-15","2026-04-30",0.6903873433770469,0.6215134861551147,0.36894171671980547,0.39440629513984654,0.0420016,0.07382073860408903,738,0.0627,627,0.0531,531,19303.583535465445,1.162572519542706,99.84078138463371,0.0369
2026-04-20 00:00:00,"STRC",99.44,99.32,99.48,99.25,0.06826817,108235416,0.030812819441081402,0.19276851847777768,0.19276851847777768,8537349200,8479295225.44,307159054.9508525,362520919.8269633,0.115,0.11578735400724931,0.18378945080515763,0.027679432752311772,0.13120051979338426,"2026-04-15","2026-04-30",0.6918650408379028,0.6218355879815359,0.36651747939044876,0.3897687843228982,0.041576,0.0742113540072493,742,0.0626,626,0.0532,532,19303.583535465445,1.1706277452594724,99.84761577232938,0.0371
2026-04-17 00:00:00,"STRC",99.23,99.21,99.35,99.12,0.10272679,129878270.4,0.020539612668733012,0.19154629625555547,0.19154629625555547,6357810300,6307583598.629999,334980879.5385725,361174709.8042608,0.115,0.11591573430097774,0.183993229049171,0.027443010595129887,0.13156275544896237,"2026-04-15","2026-04-30",0.6937161237514377,0.6248749263528894,0.3649291354979846,0.3883227347260211,0.0415164,0.07439933430097773,744,0.0649,649,0.051,510,17357.03838022172,1.1635164665647428,99.8616751419652,0.037
2026-04-16 00:00:00,"STRC",99.4,99.06,99.42,98.95,0.08129688,122917486.5,0.019039762653734596,0.1898796295888889,0.1898796295888889,6357810300,6298046883.18,329557333.07932425,354472933.4732523,0.115,0.11609125782354128,0.1842718378151449,0.026923078567846766,0.13192346151765308,"2026-04-15","2026-04-30",0.7103390097434754,0.6273488545969981,0.3648404064062388,0.3882596035354514,0.042134000000000005,0.07395725782354128,740,0.064,640,0.0521,521,17357.03838022172,1.1520171362872145,99.88780853312414,0.037
2026-04-15 00:00:00,"STRC",99.44,99.32,99.49,99.1,0.0777853,118832175,0.021843851015101494,0.19276851847777768,0.19276851847777768,6357810300,6314577189.96,500510111.3049975,348512807.58918566,0.115,0.11578735400724931,0.18378945080515763,0.026001572251181253,0.1322505717865388,"2026-04-15","2026-04-30",0.7155875533685617,0.6263330198575132,0.36615979180451774,0.38628791749603386,0.041901600000000004,0.07388575400724931,739,0.064,640,0.0518,518,17357.03838022172,1.1857061985026909,99.91830466767163,0.0371
2026-04-14 00:00:00,"STRC",100,100,100.1,100,0.09180143,111805590,0.02761119440279863,0.18967592588888887,0.18967592588888887,6357810300,6357810300,1582344844.1144001,338520514.92000276,0.115,0.115,0.18253968253968256,0.016587744439619113,0.1323516109566022,"2026-04-15","2026-04-30",0.7165230087607181,0.6259714351363876,0.3652045938117791,0.3848343973211591,0.041648399999999995,0.07335160000000002,734,0.0634,634,0.0516,516,17357.03838022172,1.1606119623046236,99.96067442557926,0.0371
2026-04-13 00:00:00,"STRC",100.01,100,100.01,100,0.09120041,107635381.5,0.027919416116776685,0.18967592588888887,0.18967592588888887,6357810300,6357810300,1172801420.5577998,290544815.10891604,0.115,0.115,0.18253968253968256,0.0165905503143476,0.13272866248274245,"2026-04-15","2026-04-30",0.7203719427566856,0.6281675768671364,0.37173451341243324,0.39455698737176165,0.042072799999999994,0.07292720000000001,729,0.0629,629,0.0521,521,17357.03838022172,1.1655163053499522,99.93422839031794,0.0371
2026-04-10 00:00:00,"STRC",100.01,100,100.01,100,0.12816116,106485324,0.02781665500349894,0.18967592588888887,0.18967592588888887,5354974000,5354974000,529346193.11800003,254446607.48964268,0.115,0.115,0.18253968253968256,0.0165905503143476,0.13310895501036143,"2026-04-15","2026-04-30",0.7276564462885647,0.6414393150901164,0.37366845755682054,0.41453037416792626,0.0421972,0.0728028,728,0.0634,634,0.0516,516,16364.68558092233,1.1704581520941255,99.9293256705269,0.0369
2026-04-09 00:00:00,"STRC",100,100,100.11,100,0.09789181,104265213,0.02781665500349894,0.18967592588888887,0.18967592588888887,5354974000,5354974000,309781335.36550003,239453043.838936,0.115,0.115,0.18253968253968256,0.0165905503143476,0.1334925352383567,"2026-04-15","2026-04-30",0.7283643533157721,0.6397487941369355,0.37517786766277295,0.416414000596195,0.0419728,0.07302720000000001,730,0.0633,633,0.0517,517,16364.68558092233,1.1754292777847348,99.93399895003567,0.0368
2026-04-08 00:00:00,"STRC",100,100,100.01,99.99,0.08337406,101485074,0.02781665500349894,0.18967592588888887,0.18967592588888887,5354974000,5354974000,333144310.92520005,233286491.98135236,0.115,0.115,0.18253968253968256,0.016632415967092962,0.13387945081312008,"2026-04-15","2026-04-30",0.7242427354987431,0.6353820435020837,0.3695377204018244,0.41545523574441745,0.0419972,0.0730028,730,0.0632,632,0.0518,518,16364.68558092233,1.180434530499582,99.93696021569636,0.0369
2026-04-07 00:00:00,"STRC",100,100,100.01,99.98,0.0919994,100674966,0.02822782278227828,0.18967592588888887,0.18967592588888887,5354974000,5354974000,170346256.97439998,224298202.85351312,0.115,0.115,0.18253968253968256,0.016693958732247806,0.13426975035339914,"2026-04-15","2026-04-30",0.7277915832800742,0.6442642676621003,0.3993063979458135,0.4339783213884836,0.042372799999999995,0.0726272,726,0.0628,628,0.0522,522,16364.68558092233,1.185483221070347,99.93830298378093,0.0371
2026-04-06 00:00:00,"STRC",99.99,100,100.01,99.99,0.08163197,97984899,0.028433530059017716,0.18967592588888887,0.18967592588888887,5354974000,5354974000,165993122.2787,221198856.36323208,0.115,0.115,0.18253968253968256,0.016809674421675188,0.13466348347596005,"2026-04-15","2026-04-30",0.72795450058497,0.6443528451119819,0.3933320485126689,0.42648035707060855,0.0425216,0.0724784,725,0.0621,621,0.0529,529,16364.68558092233,1.1905803611261696,99.94111764257806,0.0372
2026-04-02 00:00:00,"STRC",99.96,100,100.01,99.94,0.08637223,95214760.5,0.031529045851309306,0.18967592588888887,0.18967592588888887,5024651300,5024651300,210412863.5007,217201196.83660877,0.115,0.115,0.18253968253968256,0.016814125220417177,0.13506070082208332,"2026-04-15","2026-04-30",0.7402471054742235,0.6580369968426493,0.40785416472711733,0.4336709135834961,0.0421972,0.0728028,728,0.0622,622,0.0528,528,16035.843374679667,1.1957221717946183,99.94152710170984,0.037
2026-04-01 00:00:00,"STRC",100.02,100,100.02,99.97,0.08346461,93945302.5,0.04066501341160988,0.18967592588888887,0.18967592588888887,5024651300,5024651300,159794367.6024,211580355.96391875,0.115,0.115,0.18253968253968256,0.017415010817304497,0.1354614540849247,"2026-04-15","2026-04-30",0.6774303026743373,0.6054195652146541,0.4240249952709887,0.44717351877177697,0.0424216,0.07257840000000002,726,0.062,620,0.053,530,16035.843374679667,1.2008959516946847,99.94327405453109,0.037
2026-03-31 00:00:00,"STRC",100,100.02,100.02,99.9,0.10694177,90505474.5,0.040867452806316054,0.18989814811111105,0.18989814811111105,5024651300,5025656230.26,522835588.11978227,208359728.2105054,0.115,0.11497700459908018,0.18250318190330186,0.017925542668317824,0.1358648247343909,"2026-04-15","2026-04-30",0.6778892781321488,0.6095206424974581,0.45375713782925653,0.4720945614643204,0.042072799999999994,0.07290420459908019,729,0.0627,627,0.0523,523,16035.843374679667,1.2083578234490953,99.94605647405727,0.037
2026-03-30 00:00:00,"STRC",99.99,99.965,100,99.82,0.07819978,90571008,0.03836633663366336,0.18928703700000002,0.18928703700000002,5024651300,5022892672.045,211068220.29358757,194587355.0241793,0.115,0.11504026409243234,0.18260359379751165,0.018459380393774965,0.13627318954477904,"2026-03-15","2026-03-31",0.6938621761433125,0.6157210684366942,0.4633549752016436,0.48724274633539966,0.042572799999999994,0.07246746409243235,725,0.0622,622,0.0529,529,16035.843374679667,1.2074421410894922,99.94072433128068,0.0371
2026-03-27 00:00:00,"STRC",99.9,99.91,99.94,99.63,0.08634946,89007523.5,0.03603126575895099,0.18867592588888885,0.18867592588888885,5024651300,5020129113.83,210909397.2311887,191001697.28772643,0.115,0.11510359323391052,0.1827041162443024,0.023469141635455416,0.13668525814915145,"2026-03-15","2026-03-31",0.7006258914872312,0.6118788680382465,0.429637248496308,0.47421666270313745,0.0434652,0.07163839323391052,716,0.0609,609,0.0542,542,16035.843374679667,1.2065327856623016,99.94027594404776,0.0373
2026-03-26 00:00:00,"STRC",99.95,99.97,100,99.94,0.06919987,89846521,0.0366364094805849,0.18934259255555552,0.18934259255555552,5024651300,5023143904.61,212860099.7760093,190619824.64735344,0.115,0.11503451035310594,0.18259446087794592,0.024403128577812436,0.13709641178125728,"2026-03-15","2026-03-31",0.668758624726536,0.5965931649834062,0.4494523192992329,0.5071101390948353,0.0433704,0.07166411035310594,717,0.0617,617,0.0534,534,16035.843374679667,1.218675366503939,99.94473642926116,0.0373
2026-03-25 00:00:00,"STRC",99.99,99.94,100,99.93,0.07571639,88329074,0.03832356507679875,0.1890092592222222,0.1890092592222222,5024651300,5021636509.22,152371399.17326036,186625967.9881531,0.115,0.11506904142485491,0.1826492721029443,0.02440310727925528,0.13751630043173335,"2026-03-15","2026-03-31",0.6691692823629832,0.5960209484551441,0.4625010247361356,0.5144634790952933,0.0423898,0.0726792414248549,727,0.0632,632,0.0519,519,16035.843374679667,1.2206588654572579,99.94259880755763,0.0373
2026-03-24 00:00:00,"STRC",99.89,99.95,99.98,99.87,0.08445082,81886739,0.038424616006467356,0.18912037033333334,0.18912037033333334,5024651300,5022138974.35,169591146.5411333,184617033.1027111,0.115,0.11505752876438219,0.1826309980387019,0.026294968577215867,0.13793897548085376,"2026-03-15","2026-03-31",0.6773281353453624,0.6034363850218397,0.4816095789727842,0.5349886198748043,0.0430144,0.07204312876438218,720,0.0624,624,0.0526,526,16035.843374679667,1.227223937149192,99.93716253677849,0.0374
2026-03-23 00:00:00,"STRC",99.71,99.86,99.95,99.71,0.08169564,79320465,0.03709595959595959,0.18812037033333331,0.18812037033333331,5024651300,5017616788.18,181553347.99286708,182460849.53267333,0.115,0.1151612257160024,0.182795596374607,0.026233887032623648,0.1383649294788846,"2026-03-15","2026-03-31",0.6769205012168272,0.6041636559691722,0.48207602550469675,0.5348211202264026,0.0424406,0.07272062571600241,727,0.0631,631,0.052,520,16035.843374679667,1.222437241682337,99.9352823141987,0.0374
2026-03-20 00:00:00,"STRC",99.73,99.55,99.75,99.37,0.13100195,122348713.2,0.03668725946931337,0.18467592588888884,0.18467592588888884,5024651300,5002040369.15,130908456.19970691,182717632.91824442,0.115,0.11551983927674536,0.18336482424880216,0.03774030251078146,0.1387528783646929,"2026-03-15","2026-03-31",0.6757841989270451,0.6018934155399246,0.4833275406093196,0.5367785633937443,0.0429424,0.07257743927674537,726,0.063,630,0.0525,525,16057.566735166896,1.1927028156931854,99.93391632240152,0.0374
2026-03-19 00:00:00,"STRC",99.5,99.48,99.69,99.3601,0.09495396,124296772.5,0.035978326919181784,0.18389814811111116,0.18389814811111116,5024651300,4998523113.24,139161652.3074,188873361.66325417,0.115,0.1156011258544431,0.18349385056260809,0.15973528053779598,0.1391876967569735,"2026-03-15","2026-03-31",0.6730994128817419,0.6043180588964062,0.49657420270779495,0.5767040710547305,0.041560200000000005,0.0740409258544431,740,0.0644,644,0.0512,512,16057.566735166896,1.1900582975621754,99.93774055112993,0.0373
2026-03-18 00:00:00,"STRC",99.88,99.57,99.88,99.5,0.076941,121571418.5,0.04578651685393245,0.18489814811111102,0.18489814811111102,5024651300,5003045299.41,168732070.4812315,189880049.5986742,0.115,0.115496635532791,0.18332799290919208,0.21177444853585015,0.13961884068854807,"2026-03-15","2026-03-31",0.6659560265273203,0.5918760016810696,0.4935834004676075,0.5721434245425318,0.0416172,0.073879435532791,739,0.0644,644,0.0511,511,16057.566735166896,1.2059720448225677,99.9389421323119,0.0373
2026-03-17 00:00:00,"STRC",99.89,99.875,99.89,99.85,0.07834667,119778081,0.055044693311414795,0.188287037,0.188287037,5024651300,5018370485.875,154354580.87482274,189212567.6979665,0.115,0.11514392991239049,0.18276814271808015,0.2120889038473112,0.139996610110812,"2026-03-15","2026-03-31",0.6632239607958632,0.5923341623718049,0.49320717064299924,0.5763782435851124,0.040991400000000004,0.07415252991239049,742,0.0654,654,0.0498,498,16057.566735166896,1.2473505068728805,99.93976734578682,0.0372
2026-03-16 00:00:00,"STRC",99.85,99.83,99.9,99.69,0.05825258,117215103.1,0.04908524121013895,0.18778703699999996,0.18778703699999996,5024651300,5016109392.79,248939415.92888677,188609072.11047238,0.115,0.11519583291595713,0.18285052843802718,0.21295808081303302,0.14044454190443126,"2026-03-15","2026-03-31",0.6636851408385249,0.5917831711308152,0.4939739675942359,0.5801840223457821,0.041233599999999995,0.07396223291595713,740,0.0652,652,0.05,500,16057.566735166896,1.2478005507543142,99.94529933211422,0.0372
2026-03-13 00:00:00,"STRC",99.68,99.75,99.8,99.5,0.07786486,114535674,0.04440069987886128,0.1868981481111111,0.1868981481111111,3842804600,3833197588.5,301949162.74369353,184409138.9935095,0.115,0.11528822055137844,0.1829971754783785,0.21295446812094038,0.1408956730989325,"2026-03-15","2026-03-31",0.6620876493362056,0.587390628646104,0.49073168361601793,0.5773605066045592,0.0417832,0.07350502055137845,735,0.065,650,0.0503,503,14943.265545915901,1.2441919838841697,99.94838595850509,0.0372
2026-03-12 00:00:00,"STRC",100.03,100.01,100.07,99.95,0.10131937,115515775.5,0.037351100343226355,0.17913888888888896,0.17913888888888896,3842804600,3843188880.46,746931668.377568,180660657.59605306,0.115,0.114988501149885,0.18252143039664287,0.21399694509590814,0.14130169008434434,"2026-03-15","2026-03-31",0.6604420479117675,0.5832696768335386,0.49853724590238413,0.5954661038652341,0.0417484,0.073240101149885,732,0.0648,648,0.0501,501,14943.265545915901,1.1706500573843714,99.96276088693318,0.0372
2026-03-11 00:00:00,"STRC",100.01,100.03,100.18,100.01,0.08633727,122829787.5,0.037448268900777314,0.17936111111111114,0.17936111111111114,3842804600,3843957441.38,461914564.519313,159367438.38880077,0.115,0.11496551034689594,0.18248493705856497,0.21554051530108956,0.14176083794124625,"2026-03-15","2026-03-31",0.660209076938098,0.5842623421300478,0.5098133249986099,0.5955226060519627,0.0410752,0.07389031034689594,739,0.0651,651,0.0499,499,14943.265545915901,1.1785253658459027,99.92972258772032,0.0371
2026-03-10 00:00:00,"STRC",100.02,100.02,100.08,100,0.10124114,115752065,0.03829056375025249,0.17924999999999996,0.17924999999999996,3842804600,3843573160.92,439505115.7531613,147499691.42349035,0.115,0.11497700459908018,0.18250318190330186,0.2156267095504566,0.14222596653743086,"2026-03-15","2026-03-31",0.6521018665292346,0.5808413522527882,0.5016488204501152,0.5860712888661527,0.0404752,0.07450180459908018,745,0.0657,657,0.0493,493,14943.265545915901,1.1829230059383018,99.78524277663314,0.0371
2026-03-09 00:00:00,"STRC",100.01,100.06,100.08,100,0.09046848,114891678,0.03754162882228276,0.1796944444444445,0.1796944444444445,3842804600,3845110282.76,315869615.18443614,137065240.77505165,0.115,0.11493104137517489,0.1824302244050395,0.21562867828891463,0.14269263832600368,"2026-03-15","2026-03-31",0.6510963879620574,0.5808101879960565,0.5016031653312389,0.5811456884973167,0.0401996,0.07473144137517489,747,0.0659,659,0.049,490,14943.265545915901,1.193280787219338,99.20640385871596,0.0371
2026-03-06 00:00:00,"STRC",100.01,100.02,100.06,100,0.08775687,114277139,0.0466442611263876,0.17924999999999996,0.17924999999999996,3465184100,3465877136.8199997,266772754.26977754,130444175.8022371,0.115,0.11497700459908018,0.18250318190330186,0.21610812251138906,0.14316748702522483,"2026-03-15","2026-03-31",0.6528522995620512,0.5816912303692853,0.505640308902325,0.5804577107814787,0.0404508,0.07452620459908019,745,0.0656,656,0.0494,494,14792.404164070944,1.1942296440173117,99.03903401682545,0.0369
2026-03-05 00:00:00,"STRC",100.1,100.01,100.12,100,0.09118019,110682132,0.046542417761482914,0.17913888888888896,0.17913888888888896,3465184100,3465530618.4100003,133927589.60831885,124688540.84457783,0.115,0.114988501149885,0.18252143039664287,0.21621347630043466,0.14364666008298466,"2026-03-15","2026-03-31",0.6511177421311406,0.5764659678157332,0.5016381782783602,0.5820019269320124,0.040299600000000005,0.074688901149885,747,0.0663,663,0.0487,487,14792.404164070944,1.1987523392046682,98.9183510848694,0.037
2026-03-04 00:00:00,"STRC",100.14,100.05,100.1699,100.03,0.08106109,105824592,0.04684317718940931,0.17958333333333332,0.17958333333333332,3465184100,3466916692.0499997,150753556.5573243,124840905.83430055,0.115,0.11494252873563218,0.18244845831052728,0.21625228511649172,0.1441275394771915,"2026-03-15","2026-03-31",0.6515728617314636,0.5767376469736697,0.49910784387656404,0.5812752752694788,0.0398752,0.07506732873563218,751,0.0671,671,0.0479,479,14792.404164070944,1.2093029975743301,98.86964071851274,0.0371
2026-03-03 00:00:00,"STRC",99.96,100.01,100.07,99.95,0.08515674,104325646.5,0.04643584521384931,0.17913888888888896,0.17913888888888896,3465184100,3465530618.4100003,200741331.22951037,125422262.28238973,0.115,0.114988501149885,0.18252143039664287,0.21659928324539043,0.14461693660721409,"2026-03-15","2026-03-31",0.6676770651383531,0.592933805796524,0.5035304907592651,0.585993383906648,0.0395508,0.075437701149885,754,0.0664,664,0.0486,486,14792.404164070944,1.2103544900933327,98.80088599647225,0.0371
2026-03-02 00:00:00,"STRC",100,100,100.1,99.97,0.08513617,99524926.5,0.05061349693251537,0.17902777777777779,0.17902777777777779,3465184100,3465184100,143073849.7818,121817183.17373942,0.115,0.115,0.18253968253968256,0.21830963526137998,0.1451108756720176,"2026-03-15","2026-03-31",0.6693573684655806,0.5948590531870775,0.5094100984623651,0.5936692437694788,0.0394508,0.07554920000000001,755,0.0666,666,0.0484,484,14792.404164070944,1.215027985572245,98.68666394080499,0.0372
2026-02-27 00:00:00,"STRC",99.95,100,100.05,99.61,0.08963745,98465076.5,0.05742513121333743,0.17902777777777779,0.17902777777777779,3458025100,3458025100,89855191.9796,120978528.42767943,0.1125,0.1125,0.17857142857142858,0.21831045977538155,0.1456095083813413,"2026-02-15","2026-02-28",0.6755988842499516,0.6045506256665234,0.5094580605085898,0.5951953331724231,0.0387524,0.0737476,737,0.0641,641,0.0484,484,14844.569345791268,1.2209590646250987,98.6182812255087,0.0367
2026-02-26 00:00:00,"STRC",99.99,100,100,99.82,0.10548021,97735780.5,0.05742513121333743,0.17902777777777779,0.17902777777777779,3458025100,3458025100,79539283.5968,124553505.46169277,0.1125,0.1125,0.17857142857142858,0.2183177068133698,0.1461133169677948,"2026-02-15","2026-02-28",0.6773856518994061,0.6120848221336322,0.518691851962648,0.6126119900129698,0.039273,0.073227,732,0.0641,641,0.0484,484,14844.569345791268,1.2269213677295498,98.5752601563704,0.0368
2026-02-25 00:00:00,"STRC",99.97,99.96,100,99.85,0.08975534,96820596.3,0.06667359019628193,0.17858333333333326,0.17858333333333326,3458025100,3456641889.9599996,124784779.63799062,127749141.83046609,0.1125,0.11254501800720289,0.17864288572571888,0.21831618301510688,0.14662331204610835,"2026-02-15","2026-02-28",0.6764199233075646,0.6126012653430979,0.5192107479576394,0.6132378442338056,0.0395936,0.0729514180072029,730,0.0641,641,0.0485,485,14844.569345791268,1.228087732560047,98.51901763836881,0.0369
2026-02-24 00:00:00,"STRC",99.71,99.91,99.94,99.65,0.08481596,93380559,0.06515874662793113,0.17802777777777776,0.17802777777777776,3458025100,3454912877.41,63495637.09002292,129478174.92719975,0.1125,0.11260134120708638,0.17873228763029583,0.2183146076635085,0.14713861173871612,"2026-02-15","2026-02-28",0.6910824450846876,0.6330184192734182,0.5286349725834978,0.6201507704818695,0.0395056,0.07309574120708638,731,0.0635,635,0.0491,491,14844.569345791268,1.2280628840970271,98.4726030972614,0.0369
2026-02-23 00:00:00,"STRC",99.62,99.84,99.88,99.55,0.08857451,92363262.3,0.07559236737261489,0.17725000000000005,0.17725000000000005,3458025100,3452492259.84,77365862.26596865,131259736.09819897,0.1125,0.11268028846153846,0.17885760073260074,0.2183070275391199,0.14765886635899267,"2026-02-15","2026-02-28",0.6907001782620442,0.6318955596008103,0.5320507117775267,0.6275140954253865,0.039384800000000005,0.07329548846153847,733,0.0632,632,0.0495,495,14844.569345791268,1.2256085576212608,98.46652974454284,0.0369
2026-02-20 00:00:00,"STRC",99.54,99.82,99.85,99.54,0.13563731,122571279,0.10539928871645636,0.1770277777777777,0.1770277777777777,3458025100,3451800654.8199997,46063336.48,131385228.419,0.1125,0.11270286515728312,0.17889343675759226,0.21830563018911534,0.14818506774559287,"2026-02-15","2026-02-28",0.693507493958257,0.6375603537877516,0.5381314665532647,0.6348623468546839,0.0399056,0.07279726515728312,728,0.0637,637,0.049,490,14856.803010886435,1.2292806411076385,98.46676327673205,0.0369
2026-02-19 00:00:00,"STRC",99.4,99.66,99.7,99.2,0.09898987,122871402,0.08267258695422341,0.17524999999999996,0.17524999999999996,3458025100,3446267814.66,41787637.32,132420960.05966668,0.1125,0.11288380493678507,0.1791806427568017,0.21825124685374508,0.1487080786623324,"2026-02-15","2026-02-28",0.6936797533161484,0.6374934652687951,0.5346484600743102,0.6310483420876669,0.039888400000000004,0.07299540493678507,730,0.0638,638,0.0491,491,14856.803010886435,1.2158017991235592,98.49407237035626,0.0369
2026-02-18 00:00:00,"STRC",99.44,99.5,99.63,99.32,0.11525488,118860703,0.06079468824566863,0.17347222222222222,0.17347222222222222,3458025100,3440734974.5,63175535,132748679.13533333,0.1125,0.11306532663316583,0.17946877243359655,0.21819081471147056,0.149236626516078,"2026-02-15","2026-02-28",0.6946652011916126,0.6368285672036764,0.5043448379723755,0.6134644754880566,0.039979799999999996,0.07308552663316584,731,0.0638,638,0.0493,493,14856.803010886435,1.2022104200274455,98.51856734390012,0.037
2026-02-17 00:00:00,"STRC",99.73,99.33,99.77,99.2705,0.0919537,118055124,0.07929794882639035,0.1715833333333333,0.1715833333333333,3458025100,3434856331.83,109664392.53,133505622.60866667,0.1125,0.11325883418906675,0.17977592728423294,0.21812380073595966,0.14976920464049673,"2026-02-15","2026-02-28",0.6956092690948048,0.6384094853086358,0.5050007503487492,0.606767933820711,0.0395844,0.07367443418906675,737,0.0646,646,0.0487,487,14856.803010886435,1.1872747173262594,98.55887152995753,0.0369
2026-02-13 00:00:00,"STRC",99.54,99.8,99.9,99.42,0.07944487,116669165.4,0.04866920152091252,0.17680555555555552,0.17680555555555552,3379489700,3372730720.6,103498488.2,132606613.05533333,0.1125,0.11272545090180361,0.17892928714572,0.2178284949452148,0.15015840629140786,"2026-02-15","2026-02-28",0.6946374641649142,0.6377060203062568,0.5063918598726109,0.6152474751498899,0.039497,0.0732284509018036,732,0.0644,644,0.0483,483,14798.611056693962,1.2532835173807573,98.59780562039475,0.0368
2026-02-12 00:00:00,"STRC",100.01,100.03,100.09,99.95,0.1117418,122006100,0.027072292770722886,0.16894444444444445,0.16894444444444445,3379489700,3380503546.91,199453218.02,131067681.47900002,0.1125,0.11246626012196341,0.17851787320946572,0.21921214424347008,0.1506680293840314,"2026-02-15","2026-02-28",0.6948844428849575,0.6389772290090995,0.5083986382206033,0.6146997581440174,0.0400348,0.07243146012196341,724,0.0631,631,0.0493,493,14798.611056693962,1.173622193704297,98.6012556600439,0.037
2026-02-11 00:00:00,"STRC",99.77,100,100.04,99.4,0.11274996,116196756,0.026875,0.16861111111111113,0.16861111111111113,3379489700,3379489700,93044400,125524982.751,0.1125,0.1125,0.17857142857142858,0.21931696265315342,0.15122909102349635,"2026-02-15","2026-02-28",0.6940147973784419,0.6393022644551889,0.5195043333208729,0.6167251066410274,0.0409142,0.0715858,716,0.0624,624,0.0501,501,14798.611056693962,1.1760284288753353,98.5475067918697,0.037
2026-02-10 00:00:00,"STRC",99.5,99.67,99.9,99.46,0.10820082,116402521.6,0.023984593837535095,0.16494444444444448,0.16494444444444448,3379489700,3368337383.9900002,92103352.61,124160336.327,0.1125,0.11287247918129828,0.17916266536714012,0.21918721544174208,0.15174416306145225,"2026-02-15","2026-02-28",0.6992374146943015,0.6393031218962022,0.5199818785042327,0.6161507344177399,0.040624799999999996,0.07224767918129829,722,0.0631,631,0.0497,497,14798.611056693962,1.1409717698556645,98.61311823214136,0.0369
2026-02-09 00:00:00,"STRC",98.9,99.72,99.72,98.34,0.10917264,113739715,0.03254184311353087,0.1655,0.1655,3379489700,3370027128.84,104905639.44,122361555.61833334,0.1125,0.1128158844765343,0.17907283250243541,0.21948590408490076,0.1523127637193282,"2026-02-15","2026-02-28",0.7029112466249127,0.6440998829078532,0.5185398337013761,0.612674277883294,0.041213,0.0716028844765343,716,0.063,630,0.0498,498,14798.611056693962,1.1534674971900092,98.66663259902025,0.0369
2026-02-06 00:00:00,"STRC",97.38,98.76,98.93,96.252,0.13959075,105192181.4,0.0155921513665032,0.1548333333333334,0.1548333333333334,3379489700,3337584027.7200003,189256849.56,119526756.56500001,0.1125,0.11391251518833535,0.18081351617196087,0.21765545494168306,0.15234742033185966,"2026-02-15","2026-02-28",0.7038869996133651,0.6460700242357194,0.5173003117468282,0.6151783152283166,0.0411512,0.07276131518833535,728,0.0643,643,0.0497,497,14894.434213218743,1.0402298783079094,98.73090870705241,0.0368
2026-02-05 00:00:00,"STRC",96.59,93.67,96.87,93.1,0.24558158,83907688,-0.03652134786521351,0.09827777777777781,0.09827777777777781,3379489700,3165568001.9900002,315580318.55,114852602.41300002,0.1125,0.12010248745596241,0.19063886897771812,0.14569299862501167,0.1341195263242604,"2026-02-15","2026-02-28",0.598514370473615,0.5934608654530539,0.4663524166133579,0.5864877287925925,0.0406054,0.07949708745596241,795,0.0697,697,0.0504,504,14894.434213218743,0.4075761611231846,98.83962160804835,0.0367
2026-02-04 00:00:00,"STRC",98.62,97.99,98.7,97,0.13341463,86588654.4,0.009399438540204532,0.14627777777777773,0.14627777777777773,3379489700,3311561957.0299997,169362290.37,105843633.62733334,0.1125,0.11480763343198286,0.18223433878092518,0.06209229580801001,0.11890197800728584,"2026-02-15","2026-02-28",0.48225491653654257,0.4570073627747682,0.4449578772842166,0.5645405690958546,0.0417868,0.07302083343198286,730,0.0645,645,0.0503,503,14894.434213218743,1.203690106269583,99.38833571595364,0.0369
2026-02-03 00:00:00,"STRC",99.17,98.455,99.34,97.85,0.12325382,86973769.5,0.015385001505872893,0.15144444444444444,0.15144444444444444,3379489700,3327276584.1349998,148707613.46,101583885.15566666,0.1125,0.11426540043674775,0.18137365148690118,0.060966294203470356,0.11915649364651201,"2026-02-15","2026-02-28",0.4783598731596264,0.45236125214519496,0.44085508652643157,0.5729680540015487,0.041747,0.07251840043674776,725,0.065,650,0.0492,492,14894.434213218743,1.2927836453766084,99.50942452888411,0.0369
2026-02-02 00:00:00,"STRC",98.35,99.05,99.43,98.3,0.09883121,86676564,0.023722076876635155,0.15805555555555553,0.15805555555555553,3379489700,3347384547.85,136249713.25,97691395.51033334,0.1125,0.11357900050479557,0.1802841277853898,0.06330376673923115,0.11928792786796127,"2026-02-15","2026-02-28",0.4803733548630514,0.4553024997710611,0.4381427875647089,0.5738087536189391,0.0418788,0.07170020050479556,717,0.0646,646,0.049,490,14894.434213218743,1.4063531725738647,99.57681651773848,0.0369
2026-01-30 00:00:00,"STRC",98.38,98.99,99.4299,98.25,0.11087789,84716026.8,0.028187885529376018,0.15738888888888883,0.15738888888888883,3379489700,3345356854.0299997,122941422.41999999,94889022.25766668,0.11,0.11112233558945349,0.1763846596657992,0.06530316691340605,0.11975987822141726,"2026-01-15","2026-01-31",0.48603632394901525,0.46939481590558274,0.43801807184101005,0.5685968495693047,0.0417352,0.06938713558945349,694,0.063,630,0.0481,481,14912.303847486904,1.4040243335626157,99.61121632463387,0.0367
2026-01-29 00:00:00,"STRC",99,98.19,99.09,97.95,0.11432407,82515135.5,0.021854740680713115,0.1485,0.1485,3379489700,3318320936.43,189494720.82,92060931.521,0.11,0.1120277013952541,0.17782174824643507,0.06326552246057347,0.1197295026617682,"2026-01-15","2026-01-31",0.4791577461531244,0.47158864131367884,0.4471938781336196,0.5725418847250218,0.0415288,0.07049890139525411,705,0.064,640,0.048,480,14912.303847486904,1.278095693268879,99.63795123212223,0.0367
2026-01-28 00:00:00,"STRC",99.43,98.99,99.5,98.848,0.10112412,81942108,0.031211967545638954,0.15738888888888883,0.15738888888888883,3379489700,3345356854.0299997,108135092.16,88419483.11033335,0.11,0.11112233558945349,0.1763846596657992,0.05812864027563847,0.11960593847051404,"2026-01-15","2026-01-31",0.46744655402375973,0.4599406806719138,0.4436975330997332,0.5679098337643891,0.0418088,0.0693135355894535,693,0.0634,634,0.0477,477,14912.303847486904,1.4330300123102773,99.7333313263131,0.0368
2026-01-27 00:00:00,"STRC",99.3,99.16,99.385,99,0.09463664,80425915,0.03398477157360403,0.15927777777777774,0.15927777777777774,3379489700,3351101986.52,105882155.56,87551836.13433336,0.11,0.1109318273497378,0.17608226563450446,0.07159254412240665,0.12005369027051449,"2026-01-15","2026-01-31",0.466598227565194,0.4576030917941156,0.4439966443641469,0.5677298232198504,0.041626,0.06930582734973781,693,0.0635,635,0.0474,474,14912.303847486904,1.4717784412859687,99.74494574771789,0.0367
2026-01-26 00:00:00,"STRC",99.64,99.05,99.69,98.735,0.10132642,80262322.2,0.030670651403100026,0.15805555555555553,0.15805555555555553,3379489700,3347384547.85,126471596.3,86030289.24366668,0.11,0.1110550227158001,0.17627781383460334,0.07151782849164151,0.12054020999886329,"2026-01-15","2026-01-31",0.4641782350165543,0.4592833881720765,0.44481067754710857,0.5680755315432525,0.041472,0.06958302271580011,696,0.0637,637,0.0474,474,14912.303847486904,1.460870082094119,99.76090264516682,0.0367
2026-01-23 00:00:00,"STRC",99.83,99.5,99.94,99.25,0.08952017,79466397.4,0.03564913347522041,0.16305555555555556,0.16305555555555556,3372469600,3355607252,117237666,84076902.43766668,0.11,0.11055276381909548,0.17548057749062776,0.07020543883191066,0.12082755158592141,"2026-01-15","2026-01-31",0.4628979362593588,0.4549473755682131,0.45030615222071557,0.5669565936522615,0.041704,0.0688487638190955,688,0.063,630,0.0475,475,14964.01865537575,1.5519517802930678,99.78874108724315,0.037
2026-01-22 00:00:00,"STRC",99.84,99.71,99.85,99.5,0.08706551,78913080,0.04359457806767213,0.16538888888888884,0.16538888888888884,3372469600,3362689438.16,94103705.53999999,81847558.2316667,0.11,0.11031992779059273,0.17511099649300432,0.06997390980039354,0.1212740493567399,"2026-01-15","2026-01-31",0.4645761714899292,0.4548542475281221,0.4504784135241438,0.5664880586935223,0.041902999999999996,0.06841692779059273,684,0.0626,626,0.0477,477,14964.01865537575,1.5990981215313251,99.78098518920066,0.0371
2026-01-21 00:00:00,"STRC",99.8,99.55,99.99,99.5,0.08740788,77407321.2,0.036628643852978426,0.1636111111111111,0.1636111111111111,3372469600,3357293486.7999997,138498539.29999998,80516997.01666668,0.11,0.11049723756906078,0.17539244058581077,0.07170337260760393,0.1217706916590546,"2026-01-15","2026-01-31",0.463703079479258,0.4516377701959364,0.4529396912389993,0.5691529395858653,0.0418518,0.06864543756906077,686,0.0629,629,0.0476,476,14964.01865537575,1.5798856888962178,99.76643954031653,0.037
2026-01-20 00:00:00,"STRC",99.9,99.12,100.04,99.08,0.0948614,76794700,0.03232103021699452,0.15883333333333338,0.15883333333333338,3372469600,3342791867.52,168194250,77738011.43600002,0.11,0.11097659402744148,0.17615332385308172,0.07131342765930535,0.12215192394720822,"2026-01-15","2026-01-31",0.45876363045373936,0.44606425204897393,0.4511433912731548,0.5710747456653754,0.0421992,0.06877739402744149,688,0.063,630,0.048,480,14964.01865537575,1.5132539139269807,99.73832950112826,0.037
2026-01-16 00:00:00,"STRC",99.99,100.01,100.04,99.88,0.08813235,94473612.5,0.0554727646454266,0.16872222222222227,0.16872222222222227,3077932500,3078240293.25,92588957.97,73829676.30266666,0.11,0.10998900109989,0.17458571603157144,0.06550276639194436,0.12189805953722889,"2026-01-15","2026-01-31",0.44424166435159385,0.4280792118830569,0.4286402011918476,0.554109418984628,0.0417112,0.06827780109989001,683,0.0631,631,0.0469,469,15021.09570707438,1.6936843998567004,99.69712390858334,0.0367
2026-01-15 00:00:00,"STRC",99.55,99.99,99.99,99.43,0.09897312,90714620,0.04368265907704818,0.16849999999999996,0.16849999999999996,3077932500,3077624706.75,117914207.39999999,72697731.19033334,0.11,0.11001100110011001,0.1746206366668413,0.06551722859000639,0.12242165183592418,"2026-01-15","2026-01-31",0.44566809614734876,0.4266627691282708,0.42831069855272447,0.5533774510690507,0.041036,0.06897500110011001,690,0.0638,638,0.0462,462,15021.09570707438,1.6999334754536823,99.61451817765382,0.0368
2026-01-14 00:00:00,"STRC",100.18,100.05,100.1899,100,0.12674133,100065005.5,0.039220647773279355,0.1589814814444444,0.1589814814444444,3077932500,3079471466.25,197104503,71313060.07033335,0.11,0.10994502748625687,0.17451591664485216,0.06618092657495679,0.122942234526273,"2026-01-15","2026-01-31",0.46289635051733863,0.44307012767052273,0.42629802324970884,0.5522134834160924,0.0407948,0.06915022748625688,692,0.0641,641,0.0459,459,15021.09570707438,1.5612917828934876,99.55921344568158,0.0367
2026-01-13 00:00:00,"STRC",100.31,100.02,100.4182,100,0.12434356,98834455.5,0.03650408966979698,0.15864814811111105,0.15864814811111105,3077932500,3078548086.5,175408374.66,67919542.34233335,0.11,0.10997800439912019,0.17456826095098443,0.07723000068669547,0.12347994436283755,"2026-01-15","2026-01-31",0.4668835329947896,0.44790118261425227,0.4268465993259768,0.5482840223555139,0.041094799999999994,0.06888320439912018,689,0.0637,637,0.0463,463,15021.09570707438,1.5652195579267918,99.38916140060918,0.0367
2026-01-12 00:00:00,"STRC",100.01,100.07,100.12,100,0.12226959,97192543.5,0.041214640575889666,0.15920370366666659,0.15920370366666659,3077932500,3080087052.75,176655772.54,63759197.52833334,0.11,0.1099230538622964,0.17448103787666094,0.07790324797044434,0.12401616144912364,"2026-01-15","2026-01-31",0.4784608640739951,0.45411846893454866,0.4252372731192369,0.5422311239660264,0.041211199999999996,0.06871185386229639,687,0.0631,631,0.0468,468,15021.09570707438,1.584125053781314,99.27737352504722,0.0367
2026-01-09 00:00:00,"STRC",100.11,100.03,100.15,100,0.10571106,92894644.5,0.039544303797468365,0.15875925922222223,0.15875925922222223,2958706300,2959593911.89,116942472.22,59638126.058000006,0.11,0.10996700989703088,0.1745508093603665,0.08017858776818153,0.12456847884904726,"2026-01-15","2026-01-31",0.4812228971431172,0.45680348915828156,0.4176696047964006,0.5362162930068187,0.041094799999999994,0.06887220989703088,689,0.0631,631,0.0469,469,15147.941102699237,1.5863865779553001,99.15467571530404,0.0362
2026-01-08 00:00:00,"STRC",99.99,100.03,100.09,99.98,0.11436597,91334611.2,0.03796764408493423,0.15875925922222223,0.15875925922222223,2958706300,2959593911.89,81130631.89,57532331.146333344,0.11,0.10996700989703088,0.1745508093603665,0.08357037273387599,0.12512602169682027,"2026-01-15","2026-01-31",0.4820982267025216,0.45692787655684247,0.42028177137843986,0.5438491806774991,0.041162,0.0688050098970309,688,0.063,630,0.047,470,15147.941102699237,1.5961589148385817,99.06643309248668,0.0362
2026-01-07 00:00:00,"STRC",100.02,99.99,100.07,99.99,0.10562725,97184575.5,0.03966565349544065,0.1583148147777777,0.1583148147777777,2958706300,2958410429.37,77135285.7,58357511.94266667,0.11,0.11001100110011001,0.1746206366668413,0.08379395269420274,0.12569338268238012,"2026-01-15","2026-01-31",0.4791104601078804,0.44843879914583334,0.4226997424473362,0.543185887356284,0.040753000000000004,0.06925800110011002,693,0.0635,635,0.0466,466,15147.941102699237,1.5985168735329727,98.99027056321546,0.0362
2026-01-06 00:00:00,"STRC",99.95,99.97,99.99,99.86,0.12053918,93206039,0.034745335350479,0.15809259255555552,0.15809259255555552,2958706300,2957818688.11,51619209.589999996,63118968.93066667,0.11,0.1100330099029709,0.17465557127455697,0.08794393109203566,0.126267761086829,"2026-01-15","2026-01-31",0.4807262351850034,0.4395840248697365,0.4164341885229942,0.5322628340594662,0.041036399999999994,0.0689966099029709,690,0.0634,634,0.0466,466,15147.941102699237,1.6047070411932818,98.89990660221964,0.0363
2026-01-05 00:00:00,"STRC",99.85,99.93,99.97,99.7,0.11983107,96992628,0.03590909090909098,0.1576481481111112,0.1576481481111112,2958706300,2956635205.59,85883839.2,67076300.268,0.11,0.11007705393775642,0.1747254824408832,0.1163354384103758,0.12685087202922735,"2026-01-15","2026-01-31",0.4784405645461246,0.43745924163697314,0.41960231035633677,0.5294792993314793,0.0409364,0.06914065393775642,691,0.0636,636,0.0464,464,15147.941102699237,1.6071936967136897,98.80705161285856,0.0364
2026-01-02 00:00:00,"STRC",99.16,99.67,99.68,98.8401,0.11314033,93265147.8,0.03359603920379916,0.15475925922222222,0.15475925922222222,2958706300,2948942569.21,82694105.93,70831867.03199998,0.11,0.11036420186615832,0.1751812728034259,0.13285794955730285,0.12740140990365004,"2026-01-15","2026-01-31",0.47055638048037,0.4431794683842215,0.4188317500717212,0.526835701297114,0.041126,0.06923820186615831,692,0.0633,633,0.047,470,15269.03375464684,1.5682893825914068,98.68710565018446,0.0365
2025-12-31 00:00:00,"STRC",99.18,98.795,99.18,98.65,0.11447015,84726396.9,0.04492066762827117,0.145037037,0.145037037,2958706300,2923053889.085,57330540.910000004,72559350.39233331,0.11,0.1113416670884154,0.1767328049022467,0.14425816483873521,0.12734974380506678,"2026-01-15","2026-01-31",0.4666153161961601,0.43629850494832306,0.4218173012949595,0.5165769358960035,0.040954,0.0703876670884154,704,0.0642,642,0.0472,472,15269.03375464684,1.4169704215682277,98.36498840700666,0.0367
2025-12-30 00:00:00,"STRC",99,98.98,99.18,98.86,0.12481069,81888768.5,0.04682670513084691,0.1470925925555556,0.1470925925555556,2958706300,2928527495.7400002,33172256.18,79740708.15066667,0.1075,0.10860779955546575,0.1723933326277234,0.15349210853752263,0.1279052440503038,"2025-12-15","2025-12-31",0.4640824163286943,0.42878142524014046,0.4196076419984982,0.5136845417818676,0.0407468,0.06786099955546575,679,0.0617,617,0.0469,469,15269.101869599419,1.4630800924752385,98.29273309165947,0.0365
2025-12-29 00:00:00,"STRC",99,98.79,99.1,98.61,0.1209406,78813792.5,0.04497681607418866,0.1449814814444445,0.1449814814444445,2958706300,2922905953.77,52105007.28,85076672.47533332,0.1075,0.10881668185038972,0.17272489182601541,0.18432716968651763,0.12849772894151146,"2025-12-15","2025-12-31",0.469149594900052,0.43457201944278906,0.4263923142916671,0.5178410788237695,0.040543,0.0682736818503897,683,0.062,620,0.0468,468,15269.101869599419,1.435786442583185,98.22618165740246,0.0368
2025-12-26 00:00:00,"STRC",99,99.15,99.15,98.68,0.11763291,74186260,0.0492268041237114,0.1489814814444445,0.1489814814444445,2958706300,2933557296.4500003,38139931.35,92189578.49933334,0.1075,0.10842158345940493,0.17209775152286497,0.18596021008482772,0.12896220879570558,"2025-12-15","2025-12-31",0.46542178429758885,0.430116292807784,0.4181069512378686,0.5164885459960058,0.0407652,0.06765638345940493,677,0.0614,614,0.0471,471,15297.057509072383,1.5182288357428744,98.11967511734564,0.0364
2025-12-24 00:00:00,"STRC",99,98.96,99.0299,98.9,0.12391051,73012500,0.04189743589743583,0.14687037033333325,0.14687037033333325,2958706300,2927935754.48,19861667.84,96840299.60033336,0.1075,0.10862974939369442,0.1724281736407848,0.19045348795422454,0.12957242200453004,"2025-12-15","2025-12-31",0.46697419199033746,0.431363144145989,0.41500489011525205,0.5148422824082313,0.040861,0.06776874939369443,678,0.0615,615,0.0472,472,15297.057509072383,1.4909983729977139,97.95307199574145,0.0369
2025-12-23 00:00:00,"STRC",98.96,99,99.0299,98.65,0.11777413,63252342,0.04337782340862417,0.14731481477777778,0.14731481477777778,2958706300,2929119237,49032225,98733130.67233333,0.1075,0.10858585858585859,0.17235850569183903,0.19045832839469978,0.1302052691546095,"2025-12-15","2025-12-31",0.49639004723654256,0.4349503868738323,0.41810533876220857,0.47495225779115174,0.0411468,0.0674390585858586,674,0.0611,611,0.0474,474,15297.057509072383,1.509208060217753,97.23433318815565,0.0365
2025-12-22 00:00:00,"STRC",98.82,98.94,99.005,98.6303,0.1293009,59554569,0.04115838031778576,0.14664814811111107,0.14664814811111107,2958706300,2927344013.22,45311254.98,101146903.25233336,0.1075,0.10865170810592278,0.17246302873956,0.19045001540774978,0.13085445674021404,"2025-12-15","2025-12-31",0.49486555323993403,0.4337445829621977,0.41799173131198786,0.4654514981036328,0.0410468,0.06760490810592279,676,0.0614,614,0.0472,472,15297.057509072383,1.5075030772547624,96.70701355765276,0.0364
2025-12-19 00:00:00,"STRC",98.2,98.74,98.74,98.0575,0.27482506,75234029,0.037512794268167775,0.14442592588888883,0.14442592588888883,2958706300,2921426600.62,41569836.22,104622045.51233333,0.1075,0.10887178448450477,0.17281235632461076,0.19186759841647835,0.13148961676443338,"2025-12-15","2025-12-31",0.4951467663908599,0.43391213921795263,0.41902406647983864,0.4663258251773445,0.0409284,0.06794338448450477,679,0.0609,609,0.0479,479,16411.366548085116,1.4778512892441225,96.29165442447066,0.0362
2025-12-18 00:00:00,"STRC",98.09,97.9,98.3036,97.66,0.19747786,72952298,0.031025641025641083,0.1350925925555556,0.1350925925555556,2958706300,2896573467.7000003,31932924.1,107294675.26900001,0.1075,0.10980592441266598,0.17429511811534282,0.19103572475175806,0.13151171204225312,"2025-12-15","2025-12-31",0.4849121143410427,0.41864173450736814,0.4113711004830135,0.46391840242511556,0.0404548,0.06935112441266598,694,0.0623,623,0.0476,476,16411.366548085116,1.3235661111410977,96.22388175359963,0.0362
2025-12-17 00:00:00,"STRC",98.18,97.33,98.1999,97.24,0.19592849,70337960,0.02770923298375481,0.1287592592222222,0.1287592592222222,2958706300,2879708841.79,52178515.67,109617223.1296667,0.1075,0.11044898797904038,0.17531585393498472,0.18999325285676172,0.13188917681181525,"2025-12-15","2025-12-31",0.4867660545114149,0.4212434025742783,0.4072167671544172,0.45776917034912,0.0408088,0.06964018797904037,696,0.0624,624,0.048,480,16411.366548085116,1.217925959104429,96.11818217599573,0.0364
2025-12-16 00:00:00,"STRC",98,97.84,98.17,97.66,0.17787174,68937897.6,0.036255801959773085,0.1344259258888889,0.1344259258888889,2958706300,2894798243.92,38098700.32,112924789.92333336,0.1075,0.10987326246933769,0.17440200391958363,0.1898198270192925,0.13226838791380074,"2025-12-15","2025-12-31",0.4833317818316687,0.41649105456318464,0.3904610513156091,0.4446819037686138,0.0407456,0.06912766246933769,691,0.0619,619,0.0479,479,16411.366548085116,1.3363804645137762,96.26568792741037,0.0364
2025-12-15 00:00:00,"STRC",98.75,97.7,98.83,97.1,0.14411851,66442369.5,0.035345717234262095,0.13287037033333335,0.13287037033333335,2958706300,2890656055.1,80251268.5,115748717.91733335,0.1075,0.11003070624360287,0.1746519146723855,0.18980751502037568,0.1329510917086115,"2025-12-15","2025-12-31",0.48751998744281727,0.4211021176816542,0.3876473200484352,0.44189409318997563,0.041053,0.06897770624360286,690,0.0617,617,0.0484,484,16411.366548085116,1.3170033042419018,96.58664001836428,0.0365
2025-12-12 00:00:00,"STRC",99.28,99.06,99.3,98.93,0.16426811,73979302.5,0.04496143958868897,0.1380277777777778,0.1380277777777778,2958706000,2930894163.6,82105682.88,117875395.90533334,0.1075,0.10852008883504946,0.17225410926198326,0.18565592605116504,0.13160548051007642,"2025-12-15","2025-12-31",0.4850947632152189,0.41675961554293034,0.38227754830861865,0.43989860945829384,0.041284,0.06723608883504946,672,0.0603,603,0.0482,482,16651.066718738646,1.426404605471917,96.77788178011325,0.0363
2025-12-11 00:00:00,"STRC",99,99.07,99.4,98.97,0.1714369,73050742.5,0.043776317140803,0.1381388888888888,0.1381388888888888,2958706000,2931190034.2,60235748.839999996,118416759.791,0.1075,0.10850913495508227,0.17223672215092423,0.1862528153988413,0.13230745647839814,"2025-12-15","2025-12-31",0.4901525346175034,0.42072448295290893,0.38350410400185486,0.43232241255373366,0.040812,0.06769713495508227,677,0.0611,611,0.0474,474,16651.066718738646,1.4390647588952736,96.79944954560293,0.0366
2025-12-10 00:00:00,"STRC",99.46,98.98,99.46,98.93,0.15155738,72662712,0.042530800821355214,0.13713888888888895,0.13713888888888895,2958706000,2928527198.8,67869992.12,119326557.93366668,0.1075,0.10860779955546575,0.1723933326277234,0.18630136680698184,0.13302285618430054,"2025-12-15","2025-12-31",0.4925278617383799,0.42323830599552775,0.38687437015675097,0.4274402440891501,0.0407178,0.06788999955546575,679,0.061,610,0.0476,476,16651.066718738646,1.4308233736988136,96.88752738394155,0.0369
2025-12-09 00:00:00,"STRC",98.73,99.09,99.09,98.65,0.15152256,70909895,0.04441076749203745,0.13836111111111116,0.13836111111111116,2958706000,2931781775.4,50357339.82,119006611.99633335,0.1075,0.10848723382783328,0.17220195845687822,0.18629259490781525,0.1337246675600212,"2025-12-15","2025-12-31",0.4900966864992599,0.4226112817521349,0.3882063056308773,0.4371633854079591,0.04124,0.06724723382783328,672,0.0606,606,0.0478,478,16651.066718738646,1.4652155799694402,96.99408067725851,0.0373
2025-12-08 00:00:00,"STRC",98.58,98.53,98.79,98.46,0.16153954,70214697,0.03620848708487084,0.13213888888888892,0.13213888888888892,2958706000,2915213021.8,54186869.09,119646520.43566667,0.1075,0.10910382624581345,0.17318067658065628,0.18556054214061976,0.13418585422194299,"2025-12-15","2025-12-31",0.5122789605773409,0.42022492907895614,0.42597432533666757,0.4630354752182968,0.04107,0.06803382624581344,680,0.0611,611,0.048,480,16651.066718738646,1.3593905547020169,97.08862779955943,0.0373
2025-12-05 00:00:00,"STRC",98.25,98.19,98.25,97.6964,0.15517453,63810037.2,0.03230020491803282,0.1283611111111111,0.1283611111111111,2958706000,2905153421.4,55128971.879999995,119598675.2123333,0.1075,0.1094816172726347,0.17378034487719793,0.1853574059462511,0.13484223439024473,"2025-12-15","2025-12-31",0.5105169862450477,0.4222376840616449,0.42881728194226737,0.4647417712383571,0.0407448,0.0687368172726347,687,0.0616,616,0.0478,478,16923.222,1.2974117045114024,97.16119470663591,0.0371
2025-12-04 00:00:00,"STRC",98.6,98.2,98.7099,97.87,0.1582534,63369824,0.03388569669608054,0.12847222222222227,0.12847222222222227,2958706000,2905449292,50944196,119344689.73833333,0.1075,0.1094704684317719,0.17376264830439983,0.18536541182206798,0.1356032487441977,"2025-12-15","2025-12-31",0.509046539747106,0.4241410669855722,0.4289382405863953,0.4648556733716038,0.0404292,0.0690412684317719,690,0.0622,622,0.0472,472,16923.222,1.3099932737438242,97.27978346224921,0.0371
2025-12-03 00:00:00,"STRC",98.5,98.2,98.7,98.1,0.14978018,61715879,0.03166274188594247,0.12847222222222227,0.12847222222222227,2958706000,2905449292,58630604.6,119479192.713,0.1075,0.1094704684317719,0.17376264830439983,0.18614083568700285,0.13637835105629736,"2025-12-15","2025-12-31",0.5089874715883016,0.4241014702891219,0.4289400752006659,0.4656546208390407,0.0399136,0.06955686843177189,696,0.0629,629,0.0466,466,16923.222,1.320558699934993,97.36050262296476,0.0372
2025-12-02 00:00:00,"STRC",97.28,97.8,98,97.25,0.15909732,59576135.4,0.02957016823963883,0.12402777777777775,0.12402777777777775,2958706000,2893614468,76374073.8,118753078.81383333,0.1075,0.10991820040899795,0.17447333398253642,0.18631682920099513,0.13702532509763202,"2025-12-15","2025-12-31",0.5082621927464325,0.4224295671219371,0.4280722455681972,0.4648362295923679,0.040194799999999996,0.06972340040899797,697,0.063,630,0.0469,469,16923.222,1.2442127856090928,97.43078694149175,0.0377
2025-12-01 00:00:00,"STRC",96.15,96.41,96.94,95.57,0.17980376,58818350.5,0.012506393861892548,0.10858333333333331,0.10858333333333331,2958706000,2852488454.6,95298971.16,118181885.44183333,0.1075,0.11150295612488331,0.17698881924584653,0.18092066820528047,0.1357043988221603,"2025-12-15","2025-12-31",0.49255399880033846,0.39635343980230536,0.4321640910337948,0.4509490519405274,0.040102,0.07140095612488331,714,0.0639,639,0.0476,476,16923.222,0.9567015136247358,97.47331832481362,0.0381
2025-11-28 00:00:00,"STRC",97.84,96.66,97.91,96.6,0.16803856,58457472,0.018606919207473566,0.11136111111111108,0.11136111111111108,2958710000,2859889086,50598030.239999995,118104810.02316666,0.105,0.10862818125387959,0.1724256845299676,0.18495360165464458,0.13642118245329365,"2025-11-15","2025-11-30",0.4913013922060937,0.39834635534035645,0.4305948989321702,0.44946190131942054,0.0395894,0.06903878125387959,690,0.0605,605,0.0481,481,19058.91178235647,1.0237710422389341,97.36828167599478,0.0388
2025-11-26 00:00:00,"STRC",97.19,97.17,97.57,96.6901,0.16785113,53299330,0.04257265314656079,0.1170277777777778,0.1170277777777778,2958710000,2874978507,53023628.43,119054964.4185,0.105,0.1080580426057425,0.17152070254879762,0.1843518271501945,0.13689803271998063,"2025-11-15","2025-11-30",0.497344196343245,0.40457280226698356,0.4378297109140046,0.452552872754828,0.0394192,0.0686388426057425,686,0.0602,602,0.0478,478,19058.91178235647,1.153664703418849,97.46700410680678,0.0392
2025-11-25 00:00:00,"STRC",96.39,96.29,97.24,95.7,0.18210712,52130756,0.039458464773922314,0.10725000000000008,0.10725000000000008,2958710000,2848941859,53768624.870000005,119150023.90083334,0.105,0.1090455914425174,0.17308824038494824,0.18491838516948966,0.13685990158471054,"2025-11-15","2025-11-30",0.4929471241018803,0.3955361721312593,0.43259154789742826,0.44506668987192594,0.039409999999999994,0.06963559144251741,696,0.0605,605,0.0485,485,19058.91178235647,0.9642452659424927,97.52063496792248,0.039
2025-11-24 00:00:00,"STRC",95.66,96.38,97.59,95.4,0.16884623,49614204.5,0.04095213045765385,0.10824999999999996,0.10824999999999996,2958710000,2851604698,105886055.78,120325451.2851667,0.105,0.10894376426644532,0.1729266099467386,0.1852094169437856,0.1376867289866074,"2025-11-15","2025-11-30",0.49301305088608,0.39516745324893116,0.438604772176744,0.4537681442697917,0.039763599999999996,0.06918016426644533,692,0.0603,603,0.0487,487,19058.91178235647,0.995033556186421,97.57534706107481,0.0391
2025-11-21 00:00:00,"STRC",90.64,95.38,95.89,90.52,0.27754413,56988445.5,0.03708703939008892,0.09713888888888884,0.09713888888888884,2958710000,2822017598,219978995.34,119048525.0945,0.105,0.11008597190186623,0.1747396379394702,0.18200368454311086,0.13734450138654686,"2025-11-15","2025-11-30",0.48238954838802695,0.3782830873541596,0.4248933158027815,0.44639614020934604,0.0398696,0.07021637190186622,702,0.0606,606,0.0495,495,19058.91178235647,0.7709048709673083,97.63992372183962,0.039
2025-11-20 00:00:00,"STRC",95.99,92.79,96.5,90.68,0.33863994,49229705,0.01449622300244719,0.06836111111111119,0.06836111111111119,2958710000,2745387009,170339149.71,115182154.49950002,0.105,0.11315874555447784,0.17961705643567913,0.16041553450582685,0.12913079935712324,"2025-11-15","2025-11-30",0.5485441182947778,0.4345887567054961,0.40549522180258507,0.4273788418176595,0.0400928,0.07306594555447785,731,0.0638,638,0.0494,494,19058.91178235647,0.1400892089534391,98.02375583561917,0.0394
2025-11-19 00:00:00,"STRC",96.78,94.59,96.9,91.13,0.14755754,43771668,0.03795405982905993,0.08836111111111115,0.08836111111111115,2958710000,2798643789,198550842.12,111165516.63416669,0.105,0.11100539169045354,0.17619903442929133,0.15167573314707836,0.12533707349369563,"2025-11-15","2025-11-30",0.5402683591945772,0.41514053743392515,0.364596663800246,0.4038573577746506,0.040535600000000005,0.07046979169045353,705,0.0623,623,0.0487,487,19058.91178235647,0.64713952018708,98.38897546791931,0.0395
2025-11-18 00:00:00,"STRC",94.87,96.39,97.1,94.315,0.21189541,43742864,0.028077922077922084,0.10836111111111113,0.10836111111111113,2958710000,2851900569,134518606.74,105922939.94350001,0.105,0.10893246187363835,0.1729086696406958,0.1421193895368094,0.12138378775975972,"2025-11-15","2025-11-30",0.5018701582487122,0.39158665148831134,0.39572439447948776,0.3889085040854504,0.0405784,0.06835406187363835,684,0.0599,599,0.0491,491,19058.91178235647,1.194552153824784,98.79434077101165,0.0394
2025-11-17 00:00:00,"STRC",98.18,94.58,98.4,92.472,0.22978778,28842762,0.001985559566786957,0.08825,0.08825,2958710000,2798347918,272771273.65999997,103445692.27550001,0.105,0.1110171283569465,0.17621766405864525,0.12900210666983783,0.11727325411058873,"2025-11-15","2025-11-30",0.4749519088433232,0.3901973453085461,0.45718614558129195,0.41096515518232374,0.0405538,0.0704633283569465,705,0.0619,619,0.0492,492,19058.91178235647,0.7084528125798709,98.94582239925955,0.0397
2025-11-14 00:00:00,"STRC",98,97.76,99.41,97.08,0.0623556,30466269,0.031756963575145396,0.12358333333333339,0.12358333333333339,2827340000,2764007584,193251185.92000002,97184852.10183336,0.105,0.10740589198036006,0.17048554282596834,0.08653233658162894,0.10105002488403174,"2025-11-15","2025-11-30",0.5383333870101077,0.3968082194011933,0.4479568526630735,0.3529873348686453,0.040912,0.06649389198036007,665,0.0587,587,0.0487,487,19090.84888077146,1.9573794882151354,99.38427614823397,0.0395
2025-11-13 00:00:00,"STRC",100.03,98.625,100.0662,97.82,0.11897825,30019306.2,0.03281409601634315,0.12347222222222223,0.12347222222222223,2827340000,2788464075,265492188,93263445.00450002,0.105,0.10646387832699619,0.1689902830587241,0.08286998567449923,0.10026705108522946,"2025-11-15","2025-11-30",0.5397772497155666,0.4000240539915082,0.4478310827767234,0.35384202321056113,0.040684,0.0657798783269962,658,0.0582,582,0.0483,483,19090.84888077146,1.972345634449628,99.46927824461254,0.0396
2025-11-12 00:00:00,"STRC",100.02,100.01,100.1,99.95,0.08603708,28594288.5,0.04813886900501073,0.13886111111111119,0.13886111111111119,2827340000,2827622734,177661564.38,87678323.22650002,0.105,0.104989501049895,0.16665000166650001,0.0713340757426857,0.0972320332964865,"2025-11-15","2025-11-30",0.5136764839648057,0.37550999916098693,0.40110783565411856,0.29980840941982684,0.040488,0.064501501049895,645,0.0574,574,0.0476,476,19090.84888077146,2.5733717631286854,99.34278101245022,0.0395
2025-11-11 00:00:00,"STRC",100.07,100,100.07,99.94,0.08143111,28160000,0.04525752167261605,0.13875,0.13875,2827340000,2827340000,76646600,83783170.27650002,0.105,0.105,0.16666666666666666,0.07682949178868784,0.09789689442954848,"2025-11-15","2025-11-30",0.5136279412553147,0.37505394998688124,0.401041458068816,0.29921913552807994,0.0409802,0.06401979999999999,640,0.057,570,0.048,480,19090.84888077146,2.5932840051098798,99.20288863677823,0.0395
2025-11-10 00:00:00,"STRC",99.84,99.96,100.03,99.7,0.1046059,26771338.5,0.05074358974358969,0.1383055555555555,0.1383055555555555,2827340000,2826209064,121445402.39999999,82597107.84850003,0.105,0.10504201680672269,0.16673336001067093,0.08100977871082274,0.09858133393638477,"2025-11-15","2025-11-30",0.5141327977246167,0.3768479171905479,0.4014570279519657,0.29913490130056447,0.040972,0.0640700168067227,641,0.0574,574,0.0477,477,19090.84888077146,2.6023609333677693,99.14094718982388,0.0395
2025-11-07 00:00:00,"STRC",100.04,99.18,100.05,99.16,0.08477906,23287156.2,0.0417819448714008,0.12963888888888897,0.12963888888888897,2801110000,2778140898,149565522.78,79446381.46850003,0.105,0.1058681185722928,0.168044632654433,0.07831407680587658,0.0983640096480891,"2025-11-15","2025-11-30",0.5212129136171263,0.3673699712100781,0.38425846217556614,0.28448567213611925,0.0406864,0.0651817185722928,652,0.0582,582,0.0477,477,19038.614795580197,2.3577253404035505,99.07152659958862,0.0392
2025-11-06 00:00:00,"STRC",100.18,99.89,100.2,99.8548,0.08568744,21816727,0.05543814432989692,0.1375277777777778,0.1375277777777778,2801110000,2798028779,121748728.92,75452944.47583336,0.105,0.1051156271899089,0.16685020188874428,0.07454073464357706,0.09792609804243907,"2025-11-15","2025-11-30",0.544212446993218,0.40058316713275927,0.38991735750099227,0.2955889679698099,0.040763999999999995,0.0643516271899089,644,0.0573,573,0.0479,479,19038.614795580197,2.6817041612784034,98.99614416822256,0.0393
2025-11-05 00:00:00,"STRC",100.19,100.01,100.19,99.88,0.08301065,20662066,0.06215025906735757,0.13886111111111119,0.13886111111111119,2801110000,2801390111,101609359.92,73117028.52383335,0.105,0.104989501049895,0.16665000166650001,0.07423805197687759,0.09856779079100532,"2025-11-15","2025-11-30",0.5468038225653198,0.39821885410493385,0.38855892604041153,0.2934376597704112,0.0413802,0.06360930104989501,636,0.0568,568,0.0482,482,19038.614795580197,2.7556960705266946,98.91106492114734,0.0396
2025-11-04 00:00:00,"STRC",99.7,99.74,100.14,99.55,0.08726975,18330732.5,0.060561261541653644,0.13586111111111107,0.13586111111111107,2801110000,2793827114,151405519.48,70167597.35983336,0.105,0.10527371165029076,0.16710112960363613,0.07688604978497002,0.09923255351118446,"2025-11-15","2025-11-30",0.5475011550743163,0.3985824399650909,0.38778698649631255,0.2919745386660335,0.0406556,0.06461811165029076,646,0.0575,575,0.0478,478,19038.614795580197,2.6787058682983798,98.84116475675152,0.0396
2025-11-03 00:00:00,"STRC",99.77,99.61,99.85,99.49,0.08525886,18266507.5,0.08452836201402167,0.13441666666666666,0.13441666666666666,2801110000,2790185671,122816540.14,65816468.41716669,0.105,0.10541110330288124,0.167319211591875,0.0768734602986843,0.09997643634142178,"2025-11-15","2025-11-30",0.5598546767113081,0.4156478110321078,0.398404025379622,0.29461769665502774,0.0409474,0.06446370330288123,645,0.0579,579,0.0475,475,19038.614795580197,2.6538098473492555,98.73824010526475,0.0398
2025-10-31 00:00:00,"STRC",99.64,99.38,99.64,99.14,0.10980907,16660278,0.07819115156646901,0.13186111111111107,0.13186111111111107,2801110000,2783743118,144051608.14,62476583.464166686,0.105,0.10565506138055947,0.16770644663580866,0.07701797338422106,0.10069707358752883,"2025-11-15","2025-11-30",0.561416782472381,0.4235817885128446,0.3982454106035082,0.2954228485483655,0.04074,0.06491506138055947,649,0.0587,587,0.0469,469,19038.54976841737,2.5899668390192305,98.70527495904228,0.0389
2025-10-30 00:00:00,"STRC",98.98,98.89,99.02,98.77,0.09227612,15919200,0.07277777777777779,0.12641666666666668,0.12641666666666668,2801110000,2770017679,98346599.45,58598053.289500006,0.105,0.10617858226312064,0.16853743216368355,0.07612393531859572,0.10113597241611774,"2025-11-15","2025-11-30",0.5593805769771161,0.41779992577906455,0.39678979389703845,0.30631929883524917,0.040709999999999996,0.06546858226312065,655,0.0592,592,0.047,470,19038.54976841737,2.4277012713283446,98.60686004194741,0.0392
2025-10-29 00:00:00,"STRC",98.81,98.72,98.9,98.6,0.08855338,15636082.5,0.12452777777777778,0.12452777777777778,0.12452777777777778,2801110000,2765255792,87529693.12,56386704.30783334,0.1025,0.1038290113452188,0.16480795451622032,0.07618070581084828,0.10191466447687553,"2025-10-15","2025-10-31",0.5804504489322442,0.4289257534983854,0.4092450133125494,0.3167461218423883,0.0405796,0.0632494113452188,632,0.057,570,0.0468,468,19045.236638743587,2.384146139029764,98.55786057113029,0.0393
2025-10-28 00:00:00,"STRC",98.79,98.6,98.8399,98.495,0.09208993,15592467.1,0.12319444444444438,0.12319444444444438,0.12319444444444438,2801110000,2761894460,58271614,54278880.0185,0.1025,0.1039553752535497,0.1650085321484916,0.07638543275023071,0.10272754560017562,"2025-10-15","2025-10-31",0.5834971458807786,0.4339904076014348,0.40933262272164833,0.3210474969017891,0.039666,0.06428937525354969,643,0.0583,583,0.0457,457,19045.236638743587,2.360139448558429,98.51402100801708,0.0389
2025-10-27 00:00:00,"STRC",98.93,98.5,98.93,98.31,0.09937659,15502435.2,0.12208333333333334,0.12208333333333334,0.12208333333333334,2801110000,2759093350,69554593,53246313.69683334,0.1025,0.10406091370558376,0.1651760535009266,0.07679338628408065,0.10356380115126373,"2025-10-15","2025-10-31",0.58733297547985,0.43483744765606713,0.4094867158118201,0.32216820600934,0.039852,0.06420891370558376,642,0.0583,583,0.0458,458,19045.236638743587,2.3439886866134385,98.46007180046409,0.0389
2025-10-24 00:00:00,"STRC",98.85,98.71,98.8966,98.61,0.10661765,15440590,0.1244166666666666,0.1244166666666666,0.1244166666666666,2801110000,2764975681,52751512.38999999,52006382.40350001,0.1025,0.10383952993617669,0.16482465069234395,0.0763582398466451,0.10426307983015454,"2025-10-15","2025-10-31",0.5977600522003053,0.4606796538742937,0.43063674542787866,0.3286550613731526,0.0399622,0.06387732993617669,639,0.0577,577,0.0462,462,19029.41516322152,2.461086216677255,98.44138978235269,0.0393
2025-10-23 00:00:00,"STRC",98.53,98.67,98.67,98.15,0.10652202,15199136,0.12397222222222225,0.12397222222222225,0.12397222222222225,2801110000,2763855237,47509407.660000004,51779141.55716668,0.1025,0.10388162562075605,0.16489146923929532,0.07737684303045858,0.1051409781221947,"2025-10-15","2025-10-31",0.6003707070282587,0.46137684991728994,0.43632469969983245,0.33274027711954135,0.039868,0.06401362562075605,640,0.0578,578,0.0461,461,19029.41516322152,2.471177251168122,98.41535066882935,0.0395
2025-10-22 00:00:00,"STRC",98.65,98.12,98.7,97.9,0.1,12700212.5,0.11786111111111117,0.11786111111111117,0.11786111111111117,2801110000,2748449132,54979285.24,51197347.54783334,0.1025,0.10446392172849571,0.16581574877539002,0.07593812252149953,0.1055482258644684,"2025-10-15","2025-10-31",0.5978437457262554,0.4552868475605474,0.4315872885633634,0.33093234930141757,0.039421199999999997,0.0650427217284957,650,0.0586,586,0.0458,458,19029.41516322152,2.2748747975101327,98.40105688885114,0.0396
2025-10-21 00:00:00,"STRC",98.65,98.625,98.7586,98.43,0.11043195,12103741.5,0.12347222222222223,0.12347222222222223,0.12347222222222223,2801110000,2762594737.5,36847187.625,50382706.77983334,0.1025,0.10392902408111533,0.16496670489065926,0.07416241080038416,0.10576440914924265,"2025-10-15","2025-10-31",0.5892250827223443,0.4421875811785463,0.42318498129208215,0.3149936412299479,0.039556400000000005,0.06437262408111533,644,0.058,580,0.046,460,19029.41516322152,2.5365678218537733,98.38139221606589,0.0396
2025-10-20 00:00:00,"STRC",98.5,98.62,98.8,98.2,0.10344086,9163941,0.12341666666666673,0.12341666666666673,0.12341666666666673,2801110000,2762454682,59238272.64,50186992.49733334,0.1025,0.10393429324680592,0.16497506864572367,0.07415773265330015,0.10669445984991596,"2025-10-15","2025-10-31",0.5933871325414208,0.44434598936641584,0.42292543675186556,0.31431643029442813,0.039748,0.06418629324680591,642,0.0579,579,0.046,460,19029.41516322152,2.5635894398326005,98.35398915533291,0.0397
2025-10-17 00:00:00,"STRC",97.3,97.4,98.05,96.75,0.36528045,12190464,0.10986111111111119,0.10986111111111119,0.10986111111111119,2801110000,2728281140,92986708.60000001,49432624.86533333,0.1025,0.10523613963039014,0.16704149147680974,0.06486856210624926,0.10465355453872976,"2025-10-15","2025-10-31",0.5882821463426684,0.41130026452420965,0.3989821463930431,0.2725808890784951,0.0398474,0.06538873963039013,654,0.0589,589,0.0463,463,19018.758297540022,2.1112061540371396,98.32021677792356,0.04
2025-10-16 00:00:00,"STRC",98.57,97.3,98.6499,97.08,0.21768534,11828002,0.10874999999999997,0.10874999999999997,0.10874999999999997,2801110000,2725480030,79102662.1,47667367.272,0.1025,0.10534429599177801,0.16721316824091748,0.06479074702012808,0.10561277865438912,"2025-10-15","2025-10-31",0.5911731355912734,0.4128875227102158,0.40061556831739725,0.2732704461918722,0.0395304,0.065813895991778,658,0.0595,595,0.0458,458,19018.758297540022,2.091059704030232,98.38096240872096,0.0402
2025-10-15 00:00:00,"STRC",98.35,98.38,98.5874,98.2,0.17576257,11932281,0.12074999999999995,0.12074999999999995,0.12074999999999995,2801110000,2755732018,55875412.9,47080569.26533334,0.1025,0.10418784305753202,0.16537752866274924,0.05563529811403967,0.10351956149350311,"2025-10-15","2025-10-31",0.5791386507335701,0.3893014807773047,0.3796225804129052,0.22956615744182715,0.0402312,0.06395664305753201,640,0.0579,579,0.0463,463,19018.758297540022,2.7026038494092806,98.3784270870547,0.0403
2025-10-14 00:00:00,"STRC",99.04,98.8,99.05,98.78,0.13628319,12286433.5,0.11592592588888885,0.11592592588888885,0.11592592588888885,2801110000,2767496680,89031446.39999999,47191054.61533333,0.1025,0.10374493927125507,0.16467450677976994,0.054405683741340735,0.1039167207608944,"2025-10-15","2025-10-31",0.5828937058405071,0.395781236023071,0.37665239514933546,0.22344984038947102,0.0400592,0.06368573927125507,637,0.0576,576,0.0462,462,19018.758297540022,2.5340125636946387,98.33653538760808,0.0402
2025-10-13 00:00:00,"STRC",99.14,99.03,99.19,98.901,0.14060338,12315644,0.11848148144444445,0.11848148144444445,0.11848148144444445,2801110000,2773939233,67578270.06,46460099.56866667,0.1025,0.10350398869029587,0.16429204554015217,0.05393768062122656,0.10468992825773056,"2025-10-15","2025-10-31",0.5798457025417724,0.38946599539557136,0.3749413122697928,0.22749938606347692,0.040292,0.06321198869029587,632,0.0573,573,0.0462,462,19018.758297540022,2.684204042376035,98.26452401985253,0.0402
2025-10-10 00:00:00,"STRC",99.05,98.63,99.19,98.63,0.14125331,11202537.5,0.11403703699999994,0.11403703699999994,0.11403703699999994,2801110000,2762734793,103987877.49,56874564.42500002,0.1025,0.10392375544966036,0.16495834198358786,0.053693634892741704,0.10549071275399563,,"2025-10-31",0.5781438081860113,0.39276147958380797,0.3730951013459286,0.21935231489142099,0.040268,0.06365575544966036,637,0.0577,577,0.0463,463,18998.595380536255,2.5265977125933072,98.1881412641705,0.0402
2025-10-09 00:00:00,"STRC",99.2,98.75,99.2792,98.66,0.11668756,11046013,0.11537037033333332,0.11537037033333332,0.11537037033333332,2801110000,2766096125,49840013.75,55291630.029000014,0.1025,0.10379746835443038,0.16475788627687363,0.05427671624477931,0.1064577514580254,,"2025-10-31",0.5786131892971318,0.3919721083258481,0.41851228632537707,0.21653320339564824,0.041176,0.06262146835443039,626,0.0573,573,0.0465,465,18998.595380536255,2.622135989416174,98.09059496143786,0.0403
2025-10-08 00:00:00,"STRC",99,98.9,99.03,98.58,0.1017718,10663576,0.11703703700000005,0.11703703700000005,0.11703703700000005,2801110000,2770297790,41273541.400000006,55260911.55200001,0.1025,0.10364004044489383,0.16450800070618068,0.05964258043992985,0.10741771324551182,,"2025-10-31",0.576498618217035,0.3880994129382007,0.41525697207987233,0.20849542311576744,0.04107860000000001,0.06256144044489383,626,0.0574,574,0.0463,463,18998.595380536255,2.7361953800121213,98.0272142655601,0.0401
2025-10-07 00:00:00,"STRC",99.3,98.7,99.4,98.55,0.05894434,10279121.6,0.1148148147777778,0.1148148147777778,0.1148148147777778,2801110000,2764695570,60201176.7,55018624.499333344,0.1025,0.10385005065856129,0.1648413502516846,0.06420032873487398,0.10852417894305316,,"2025-10-31",0.5763985667666259,0.38806474994898316,0.416216578043169,0.21108408525033678,0.0411506,0.06269945065856128,627,0.0574,574,0.0465,465,18998.595380536255,2.670909033655452,97.97751497490876,0.0401
2025-10-06 00:00:00,"STRC",99.37,99.15,99.6,99.0329,0.09739812,9489612,0.11981481477777783,0.11981481477777783,0.11981481477777783,2801110000,2777300565,84946068.45,54806452.43933334,0.1025,0.10337871911245587,0.16409320494040613,0.0633218603413968,0.10893600890758626,,"2025-10-31",0.5718756559884135,0.37236214152375696,0.40680193652903224,0.20261207070250875,0.041593599999999994,0.06178511911245588,618,0.0567,567,0.0467,467,18998.595380536255,2.9609786279146517,97.89188758156493,0.0402
2025-10-03 00:00:00,"STRC",99.25,99,99.4,98.65,0.09741165,10381005,0.1181481481111111,0.1181481481111111,0.1181481481111111,2801110000,2773098900,75608973,54264154.88600001,0.1025,0.10353535353535354,0.16434183100849767,0.06337816736492712,0.11013347037495322,,"2025-10-31",0.5747891317103181,0.37520936699673224,0.4073275146168045,0.20259495750779322,0.04108680000000001,0.06244855353535353,624,0.0572,572,0.0463,463,18998.595380536255,2.9224558416605007,97.76616008591341,0.0403
2025-10-02 00:00:00,"STRC",99.13,98.97,100,98.58,0.1095503,8363810,0.11781481477777776,0.11781481477777776,0.11781481477777776,2801110000,2772258567,97938534.66,53065801.72200001,0.1025,0.10356673739517025,0.16439164665900038,0.0649792401977172,0.11136477219678824,,"2025-10-31",0.5750141450778481,0.37930241054333635,0.40688959134496877,0.20286404818104606,0.040776400000000004,0.06279033739517025,628,0.0574,574,0.0462,462,18998.595380536255,2.9474490412052408,97.64532917215405,0.0402
2025-10-01 00:00:00,"STRC",97.88,97.98,98.25,97.4,0.14084848,8082112.5,0.10681481477777781,0.10681481477777781,0.10681481477777781,2801110000,2744527578,60806975.88,52376249.86100001,0.1025,0.1046131863645642,0.1660526767691495,0.060521084003342336,0.1104635686463834,,"2025-10-31",0.5591655967937293,0.35426536641515716,0.41529069814549635,0.2146528920805458,0.0408832,0.0637299863645642,637,0.0582,582,0.0464,464,18998.595380536255,2.5046249249655204,97.55540030042418,0.0401
2025-09-30 00:00:00,"STRC",97.2,97.06,97.46,97.0401,0.09605875,7950227,0.09659259255555558,0.09659259255555558,0.09659259255555558,2801110000,2718757366,41064727.160000004,54441527.06500001,0.1025,0.10560478054811456,0.16762663579065804,0.05607944439654572,0.1097149322647485,,"2025-10-31",0.5395993755198635,0.3311268712366207,0.4129722226812262,0.16103912383397417,0.041222,0.06438278054811455,644,0.0586,586,0.047,470,18998.595380536255,2.0642397937313737,97.44815865257281,0.0402
2025-09-29 00:00:00,"STRC",97.31,97.05,97.345,96.95,0.10677019,7827417.5,0.0964814814444444,0.0964814814444444,0.0964814814444444,2801110000,2718477255,26923611,55367703.868000016,0.1,0.10303967027305513,0.16355503217945258,0.10270096974036116,0.11103723874583382,,"2025-09-30",0.539304720745,0.33135150208367115,0.41533888373489763,0.16123136523904516,0.0413278,0.061711870273055136,617,0.0558,558,0.0472,472,18998.595380536255,2.09172675190964,97.5549006122373,0.0404
2025-09-26 00:00:00,"STRC",97.05,97,97.29,96.96,0.11106117,7773304.5,0.09592592588888887,0.09592592588888887,0.09592592588888887,2801110000,2717076700,29762413,56573506.08966668,0.1,0.10309278350515463,0.16363933889707086,0.10506604386946221,0.1124162322408155,,"2025-09-30",0.5631755945020935,0.3571640962029299,0.41626497009497004,0.16087995855875345,0.0418064,0.06128638350515463,613,0.055,550,0.0481,481,18988.52047793572,2.0965064716497683,97.54796116964563,0.0402
2025-09-25 00:00:00,"STRC",97.49,96.92,97.49,96.88,0.11581152,7411182,0.095037037,0.095037037,0.095037037,2801110000,2714835812,51671250.36,58266893.12233334,0.1,0.10317787866281469,0.16377441057589634,0.10980999136955963,0.11384731335760234,,"2025-09-30",0.5710763157656813,0.3571420855690866,0.41982266487659486,0.1619137040998615,0.041610799999999996,0.061567078662814696,616,0.0553,553,0.0479,479,18988.52047793572,2.083754242228472,97.5141112101924,0.0404
2025-09-24 00:00:00,"STRC",97.75,97.5,97.75,97.5,0.12314516,7256232,0.10148148144444444,0.10148148144444444,0.10148148144444444,2801110000,2731082250,13126425,59021580.64700003,0.1,0.10256410256410256,0.1628001628001628,0.10854864007831495,0.11404446227329403,,"2025-09-30",0.5547436962675995,0.32978440605607967,0.4058114604296818,0.12122042730045217,0.0414436,0.06112050256410256,611,0.0551,551,0.0474,474,18988.52047793572,2.4980638011844176,97.45574641863243,0.0402
2025-09-23 00:00:00,"STRC",97.5,97.4,97.75,97.4,0.06316005,7134560,0.10037037033333339,0.10037037033333339,0.10037037033333339,2801110000,2728281140,20871651.200000003,61261894.94900002,0.1,0.1026694045174538,0.16296730875786317,0.10855851544578282,0.11557380044976501,,"2025-09-30",0.5550557220577892,0.33324987156406394,0.40785463247046194,0.12529469293284023,0.0410416,0.061627804517453796,616,0.0555,555,0.0471,471,18988.52047793572,2.4782162360873854,97.33324654013695,0.04
2025-09-22 00:00:00,"STRC",97.75,97.55,97.75,97.51,0.06217391,6962801.5,0.10203703699999996,0.10203703699999996,0.10203703699999996,2801110000,2732482805,22619991.55,65002814.814000025,0.1,0.10251153254741159,0.16271671832922474,0.10873791897928566,0.11700071110608948,,"2025-09-30",0.5524506761226846,0.3326973953435306,0.40342975527368624,0.11863316818255004,0.0413592,0.06115233254741159,612,0.0552,552,0.0474,474,18988.52047793572,2.6187125509367557,97.19019257088883,0.04
2025-09-19 00:00:00,"STRC",97.64,97.7,97.74,97.4,0.11175393,7450528,0.10370370366666669,0.10370370366666669,0.10370370366666669,2801110000,2736684470,27695702.900000002,66933250.095666684,0.1,0.10235414534288638,0.1624668973696609,0.10997399475007223,0.1184813843470756,,"2025-09-30",0.5496020467564475,0.3264857528358908,0.41192988779881495,0.1105975586771598,0.041262,0.06109214534288638,611,0.0553,553,0.0471,471,18986.56462984264,2.7640902006524026,97.08002915277059,0.0403
2025-09-18 00:00:00,"STRC",97.49,97.5,98.1,97.1001,0.12884615,7100548,0.10148148144444444,0.10148148144444444,0.10148148144444444,2801110000,2731082250,32006130,70209647.21600002,0.1,0.10256410256410256,0.1628001628001628,0.10984164871005889,0.12017105463432656,,"2025-09-30",0.5509234019108419,0.3337339209551084,0.41238974411418966,0.11078062859849122,0.0409504,0.06161370256410256,616,0.0559,559,0.0467,467,18986.56462984264,2.6846644692115254,96.85470503012104,0.0403
2025-09-17 00:00:00,"STRC",96.9,97.26,97.34,96.8803,0.12242898,6844640,0.09881481477777783,0.09881481477777783,0.09881481477777783,2801110000,2724359586,24294964.44,73503922.08266668,0.1,0.10281719103434094,0.1632018905306999,0.11108337206413645,0.12189862124181361,,"2025-09-30",0.5709727120563103,0.33333581332736956,0.41188619257082343,0.11260283305748237,0.0404328,0.06238439103434094,624,0.0568,568,0.046,460,18986.56462984264,2.5777435948018046,96.57810494660514,0.0402
2025-09-16 00:00:00,"STRC",97.08,96.95,97.5,96.62,0.14184962,6457482.5,0.09537037033333336,0.09537037033333336,0.09537037033333336,2801110000,2715676145,27294624.35,77229660.70133331,0.1,0.10314595152140278,0.16372373257365522,0.11173034123840093,0.12360817830144176,,"2025-09-30",0.5750751643929267,0.3386675063521938,0.4159762126088237,0.11658031642036008,0.040202,0.06294395152140278,629,0.0572,572,0.0459,459,18986.56462984264,2.4228614634934598,96.5499233478692,0.0404
2025-09-15 00:00:00,"STRC",96.8,96.9,97.2156,96.61,0.13732965,5261127,0.09481481477777784,0.09481481477777784,0.09481481477777784,2801110000,2714275590,32356654.200000003,80963559.87266666,0.1,0.10319917440660474,0.16380821334381704,0.11176339628317083,0.1255837826832049,,"2025-09-30",0.5839842765082813,0.34281238199155095,0.41577879564827736,0.11584692115171409,0.0402976,0.06290157440660474,629,0.0571,571,0.0461,461,18986.56462984264,2.4364902311082774,96.56463261226857,0.0406
2025-09-12 00:00:00,"STRC",97.63,97.25,97.79,97.134,0.11299213,3706215.6,0.08944444444444445,0.08944444444444445,0.08944444444444445,2801110000,2724079475,45934287,88335623.04266666,0.1,0.10282776349614396,0.16321867221610153,0.13067424845171335,0.12700373569077,,"2025-09-30",0.5889470659032685,0.3557059278694268,0.41023670210500207,0.1054585171499655,0.040436599999999996,0.062391163496143966,624,0.0567,567,0.0461,461,18954.797481439713,2.1642728013200636,96.63067681803118,0.0408
2025-09-11 00:00:00,"STRC",97.5,97.37,97.54,97.25,,,0.09077777777777783,0.09077777777777783,0.09077777777777783,2801110000,2727440807,30055587.380000003,92990032.204,0.1,0.10270103728047653,0.16301751949281987,0.1312446221822888,0.1290128610430015,,"2025-09-30",0.601309364794795,0.37202320642290265,0.408905705186823,0.09665256393461441,0.0399488,0.06275223728047652,628,0.057,570,0.0457,457,18954.797481439713,2.2968916043153844,96.66925149471592,0.0408
2025-09-10 00:00:00,"STRC",97.54,97.4,97.65,97.3,,,0.09111111111111118,0.09111111111111118,0.09111111111111118,2801110000,2728281140,30540062.200000003,101672583.39133336,0.1,0.1026694045174538,0.16296730875786317,0.13123602558439937,0.13123602558439937,,"2025-09-30",0.603034247264409,0.37600121654157637,0.4246641944690332,0.10909293930074822,0.040237999999999996,0.0624314045174538,624,0.0566,566,0.046,460,18954.797481439713,2.368826239550773,96.71432369913461,0.0409
2025-09-09 00:00:00,"STRC",97.51,97.33,97.69,97.19,,,0.09033333333333332,0.09033333333333332,0.09033333333333332,2801110000,2726320363,30975759.15,104125428.9496552,0.1,0.10274324463166547,0.16308451528835788,0.13364044568360714,0.13364044568360714,,"2025-09-30",0.6031171822080008,0.385355353277957,0.42612557732694634,0.11020868382836109,0.0406308,0.062112444631665466,621,0.056,560,0.0467,467,18954.797481439713,2.3705481484152227,96.81240504855228,0.041
2025-09-08 00:00:00,"STRC",97.8,97.56,97.8999,97.45,,,0.09288888888888892,0.09288888888888892,0.09288888888888892,2801110000,2732762916,36607243.68,106737917.15678574,0.1,0.1025010250102501,0.1627000396988097,0.135755373244528,0.135755373244528,,"2025-09-30",0.6067879671388339,0.3828272650083602,0.431775320709886,0.09551951924006581,0.040346400000000004,0.0621546250102501,622,0.0561,561,0.0464,464,18954.797481439713,2.6023742368255243,96.83445888337101,0.041
2025-09-05 00:00:00,"STRC",97.77,97.6,97.97,97.5015,,,0.09333333333333328,0.09333333333333328,0.09333333333333328,2801110000,2733883360,40028980.8,109335349.50777781,0.1,0.10245901639344263,0.16263335935467083,0.1383482271865448,0.1383482271865448,,"2025-09-30",0.6057467755738412,0.38613902784229204,0.43477794219491905,0.10727099618687033,0.0408368,0.061622216393442626,616,0.0554,554,0.047,470,18996.63003432809,2.694586833406145,96.86851409813644,0.0407
2025-09-04 00:00:00,"STRC",97.89,97.46,97.9392,97.34,,,0.09177777777777772,0.09177777777777772,0.09177777777777772,2801110000,2729961806,61498721.9,112000979.07346156,0.1,0.10260619741432384,0.16286698002273625,0.14119961265401237,0.14119961265401237,,"2025-09-30",0.6153695381161106,0.39198687647112945,0.4368027444608622,0.11562994983078903,0.0415232,0.06108299741432383,611,0.055,550,0.0476,476,18996.63003432809,2.6511189623364606,96.86395774152403,0.0416
2025-09-03 00:00:00,"STRC",98.43,97.67,98.43,97.55,,,0.09411111111111113,0.09411111111111113,0.09411111111111113,2801110000,2735844137,59189973.4,114021069.36040002,0.1,0.10238558410975734,0.16251680017421802,0.14378217148115266,0.14378217148115266,,"2025-09-30",0.6175772903458395,0.38357948085238386,0.46798266699264074,0.1357303290543777,0.042041,0.06034458410975734,603,0.0541,541,0.0482,482,18996.63003432809,2.890741191857572,96.82325886113664,0.0418
2025-09-02 00:00:00,"STRC",97.5,97.48,98.1,97.2,,,0.09200000000000005,0.09200000000000005,0.09200000000000005,2801110000,2730522028,67102795,116305698.35875003,0.1,0.10258514567090685,0.162833564556995,0.14700031325195909,0.14700031325195909,,"2025-09-30",0.6252290917459606,0.3861097734451874,0.47178890434972415,0.1358406976765325,0.0426164,0.05996874567090685,600,0.0538,538,0.0488,488,18996.63003432809,2.8118124675038305,96.70775372812686,0.042
2025-08-29 00:00:00,"STRC",97.39,97.75,97.9,97.24,,,0.095,0.095,0.095,2801110000,2738085025,380012215.75,118444955.02652177,0.09,0.09207161125319693,0.1461454146876142,0.14975170450632264,0.14975170450632264,,"2025-08-31",0.6542338015395798,0.42865680106193244,0.4617163419885308,0.1345170590408484,0.0426243,0.049447311253196936,494,0.0428,428,0.0492,492,19080.585715708738,3.1232044314849015,96.38642183153468,0.0423
2025-08-28 00:00:00,"STRC",96.92,97.41,97.62,96.7002,,,0.09122222222222219,0.09122222222222219,0.09122222222222219,2801110000,2728561251,56499845.61,106555534.08454548,0.09,0.09239297813366185,0.1466555208470823,0.15328664269606324,0.15328664269606324,,"2025-08-31",0.6563025039752276,0.4600526927848472,0.4798835310243075,0.16075066403767632,0.042500300000000005,0.04989267813366184,499,0.0436,436,0.0488,488,19080.585715708738,2.924363348676724,96.02734474091852,0.0426
2025-08-27 00:00:00,"STRC",95.88,96.52,96.95,95.66,,,0.08133333333333329,0.08133333333333329,0.08133333333333329,2801110000,2703631372,48918459.44,108939138.29761907,0.09,0.09324492333195193,0.14800781481262212,0.15459749086859628,0.15459749086859628,,"2025-08-31",0.6696580499958159,0.4660867429356434,0.47536570826718394,0.1803061682313207,0.04267135,0.050573573331951935,506,0.0443,443,0.049,490,19080.585715708738,2.274995613249318,95.77587231038272,0.0426
2025-08-26 00:00:00,"STRC",95.11,95.66,95.8,94.92,,,0.07177777777777773,0.07177777777777773,0.07177777777777773,2801110000,2679541826,34004929.82,111940172.24050002,0.09,0.09408321137361489,0.14933843075176967,0.15591730698591724,0.15591730698591724,,"2025-08-31",0.7078784399730395,0.45674857349495346,0.47654454775786326,0.18851146966962826,0.0428272,0.051256011373614886,513,0.045,450,0.0491,491,19080.585715708738,1.592108699240664,95.76064081061928,0.0428
2025-08-25 00:00:00,"STRC",95,95.1,95.25,94.5,,,0.06555555555555549,0.06555555555555549,0.06555555555555549,2801110000,2663855610,53836014.9,116042027.10473685,0.09,0.09463722397476342,0.1502178158329578,0.15909860691273373,0.15909860691273373,,"2025-08-31",0.7024655187119102,0.4534975512294658,0.4699994360631134,0.19933324101690766,0.042998249999999995,0.05163897397476342,516,0.0452,452,0.0494,494,19080.585715708738,1.1221227798869715,95.76895361370703,0.0429
2025-08-22 00:00:00,"STRC",94.84,95.05,95.8,94.12,,,0.06499999999999996,0.06499999999999996,0.06499999999999996,2801110000,2662455055,68677141.85,119497916.67166668,0.09,0.09468700683850605,0.1502968362515969,0.16399354593075305,0.16399354593075305,,"2025-08-31",0.7161606897849069,0.5168617295760746,0.47491263462585287,0.20815343952876877,0.0427984,0.051888606838506046,519,0.0459,459,0.0488,488,19136.287370347774,1.1192393625759127,95.79092605388732,0.0427
2025-08-21 00:00:00,"STRC",94.1,94.44,94.5299,93.6,,,0.058222222222222196,0.058222222222222196,0.058222222222222196,2801110000,2645368284,39658378.08,122487374.01411764,0.09,0.09529860228716645,0.151267622678042,0.16740150977963433,0.16740150977963433,,"2025-08-31",0.7240568985639628,0.5116078632437558,0.46358069276248226,0.16178219503482977,0.0434711,0.051827502287166455,518,0.0456,456,0.0497,497,19136.287370347774,0.5487865094611625,95.81913723963305,0.0432
2025-08-20 00:00:00,"STRC",94,93.99,94.4873,92.53,,,0.053222222222222164,0.053222222222222164,0.053222222222222164,2801110000,2632763289,77251978.83,127664186.26,0.09,0.09575486753909991,0.15199185323666653,0.17198721674099512,0.17198721674099512,,"2025-08-31",0.7378321269583763,0.5510930751271005,0.4884607116709183,0.16292424557207852,0.043059,0.05269586753909991,527,0.0466,466,0.0492,492,19136.287370347774,0.10105224537186376,95.85249446471235,0.043
2025-08-19 00:00:00,"STRC",96.25,93.6,96.25,92.2,,,0.04888888888888882,0.04888888888888882,0.04888888888888882,2801110000,2621838960,122765291.99999999,131025000.08866668,0.09,0.09615384615384616,0.15262515262515264,0.17728751634584206,0.17728751634584206,,"2025-08-31",0.7362506048565866,0.544185860320779,0.5057696635851566,0.18716064414641884,0.043143999999999995,0.053009846153846164,530,0.0469,469,0.0492,492,19136.287370347774,-0.3157003654200484,95.94135918478847,0.043
2025-08-18 00:00:00,"STRC",97.2,96.25,97.23,95.43,,,0.07833333333333334,0.07833333333333334,0.07833333333333334,2801110000,2696068375,68850031.25,131614979.23785715,0.09,0.09350649350649351,0.14842300556586271,0.13143507039355956,0.13143507039355956,,"2025-08-31",0.6763267308697594,0.4495404317701628,0.52426671467639,0.20240543947666415,0.043634,0.04987249350649351,499,0.0438,438,0.0497,497,19136.287370347774,3.9640465082038663,96.07105397980725,0.0433
2025-08-15 00:00:00,"STRC",97.78,96.95,97.9,96.38,,,0.08611111111111114,0.08611111111111114,0.08611111111111114,2801110000,2715676145,63097677.65,136443052.16000003,0.09,0.0928313563692625,0.14735135931628968,0.13032768261596941,0.13032768261596941,,"2025-08-31",0.7247719150267381,0.45353759824307366,0.5458888491027621,0.27877240851939616,0.0435537,0.0492776563692625,493,0.0435,435,0.0494,494,19123.517758281316,5.7422925265435225,96.06549648306115,0.043
2025-08-14 00:00:00,"STRC",97.98,98.01,98.19,97.6,,,0.08900000000000005,0.08900000000000005,0.08900000000000005,2801110000,2745367911,80564023.98,142555166.70250002,0.09,0.09182736455463728,0.14575772151529726,0.11846011638881433,0.11846011638881433,,"2025-08-31",0.7271958513779317,0.4388727225795496,0.5344215249185197,0.24245177061852105,0.04318615,0.048641214554637276,486,0.0429,429,0.0489,489,19123.517758281316,6.684055423664475,96.02639400960533,0.043
2025-08-13 00:00:00,"STRC",98.16,97.9,98.1999,97.65,,,0.08777777777777784,0.08777777777777784,0.08777777777777784,2801110000,2742286690,74311876.10000001,148190725.13181818,0.09,0.09193054136874361,0.14592149423610096,0.12427367806476215,0.12427367806476215,,"2025-08-31",0.7352238679418308,0.4843603600532606,0.5325317372303165,0.22603391787447033,0.0426832,0.04924734136874361,492,0.0438,438,0.0481,481,19123.517758281316,6.817434763634311,95.9328277216638,0.0429
2025-08-12 00:00:00,"STRC",98.49,97.79,98.49,97.28,,,0.08655555555555562,0.08655555555555562,0.08655555555555562,2801110000,2739205469,80335854.06,155578610.03500003,0.09,0.09203395030166683,0.14608563539947117,0.13103847520230408,0.13103847520230408,,"2025-08-31",0.7331190467249651,0.5879996436254746,0.5443754422315347,0.27971288845345604,0.04318025,0.04885370030166683,489,0.0432,432,0.0489,489,19123.517758281316,6.982201988329118,95.84047869525041,0.0433
2025-08-11 00:00:00,"STRC",98.25,98.05,98.33,97.865,,,0.08944444444444441,0.08944444444444441,0.08944444444444441,2801110000,2746488355,133099247.14999999,163938916.25444448,0.09,0.09178990311065784,0.1456982589058061,0.13392218646649431,0.13392218646649431,,"2025-08-31",0.7356478629371284,0.6281870804411042,0.7243369582950102,0.511509121837623,0.042979300000000005,0.04881060311065783,488,0.043,430,0.0488,488,19123.517758281316,8.339318322852298,95.73338784474672,0.0434
2025-08-08 00:00:00,"STRC",97.8,97.5,97.89,97.4,,,0.08333333333333333,0.08333333333333333,0.08333333333333333,2801100000,2731072500,80533050,167793874.8925,0.09,0.09230769230769231,0.14652014652014653,0.14448130817747107,0.14448130817747107,,"2025-08-31",0.7351753335801134,0.6725910347562449,0.7330298593580745,0.5236558441899883,0.0429668,0.04934089230769231,493,0.0434,434,0.0489,489,19109.895020762066,7.485318047272839,95.50004253332236,0.0432
2025-08-07 00:00:00,"STRC",97.55,97.59,97.75,97.3,,,0.08433333333333337,0.08433333333333337,0.08433333333333337,2801100000,2733593490,125987616.51,180259707.02,0.09,0.09222256378727328,0.14638502188456076,0.1527850302842943,0.1527850302842943,,"2025-08-31",0.7300670446133384,0.6512709754741448,0.8819070890274756,0.6944884604404093,0.042569699999999995,0.04965286378727329,497,0.0438,438,0.0485,485,19109.895020762066,8.554079919468862,95.37331867164372,0.0432
2025-08-06 00:00:00,"STRC",96.99,97,97.3,96.85,,,0.07777777777777778,0.07777777777777778,0.07777777777777778,2801100000,2717067000,130834376,189305055.43833336,0.09,0.09278350515463918,0.14727540500736377,0.17070992058857473,0.17070992058857473,,"2025-08-31",0.7758188189279238,0.7167767481110108,0.88293863144207,0.7912600920452189,0.042453700000000004,0.050329805154639175,503,0.0442,442,0.0486,486,19109.895020762066,7.460354447380181,95.13666054381119,0.0432
2025-08-05 00:00:00,"STRC",96.75,96.5,97.18,96.01,,,0.07222222222222222,0.07222222222222222,0.07222222222222222,2801100000,2703061500,136067123,200999191.32600003,0.09,0.09326424870466321,0.1480384900074019,0.19711805311314246,0.19711805311314246,,"2025-08-31",0.8032717110936756,0.8256574628844906,0.9528672781037424,0.8878674545996413,0.0424268,0.05083744870466321,508,0.0446,446,0.0486,486,19109.895020762066,6.492511211336809,94.89135063756252,0.0434
2025-08-04 00:00:00,"STRC",95.9,96.39,96.39,95.15,,,0.07100000000000001,0.07100000000000001,0.07100000000000001,2801100000,2699980290,139311599.49,217232208.40750003,0.09,0.09337068160597572,0.1482074311205964,0.23551168623431834,0.23551168623431834,,"2025-08-31",0.7925921617137444,0.8274899266956601,0.955789132401799,0.9198185462323468,0.042429100000000004,0.05094158160597572,509,0.0448,448,0.0485,485,19109.895020762066,6.905771601957189,94.62985975979817,0.0435
2025-08-01 00:00:00,"STRC",94.68,94.14,95.25,93.55,,,0.046000000000000006,0.046000000000000006,0.046000000000000006,2801100000,2636955540,253518549.3,243205744.71333337,0.09,0.09560229445506692,0.15174967373820145,0.03809164338126301,0.03809164338126301,,"2025-08-31",1.0000000000000002,1.0000000000000002,1,1.0000000000000002,0.0424566,0.05314569445506692,531,0.047,470,0.0486,486,19109.895020762066,-13.78952618178755,94.45966607852662,0.0435
2025-07-31 00:00:00,"STRC",95,94.48,95.99,94,,,0.049777777777777824,0.049777777777777824,0.049777777777777824,2801100000,2646479280,185566561.84,238049342.42000002,0.09,0.09525825571549534,0.15120358050078625,0,0,,"2025-08-31",0,0,0,0,0.0438508,0.05140745571549534,514,0.0454,454,0.0499,499,19109.895020762066,0,94.6223448153884,0.0441
2025-07-30 00:00:00,"STRC",93.74,94.5,95,93.3,,,0.05,0.05,0.05,2801100000,2647039500,290532123,290532123,0.09,0.09523809523809523,0.1511715797430083,0,0,,"2025-07-31",0,0,0,0,0.0439479,0.051290195238095235,513,0.0456,456,0.0496,496,19093.51755988874,0,94.2949,0.0441