"timestamp","asset","open","close","high","low","3_month_return","1_year_return","life_return","notional","market_cap","trading_volume","30d_avg_trading_volume","dividend","effective_yield","tax_eqv_eff_yield","30d_historical_volatility","1y_historical_volatility","next_record_date","next_payout_date","mstr_correlation","btc_correlation","spy_correlation","sppref_correlation","interpolated_treasury_yield","market_credit","market_credit_bps","model_premium","model_premium_bps","model_yield","model_yield_bps","btc_floor","equity_component"
2026-08-21 00:00:00,"STRK",70.45,72.26,73.39,70.3,0.0096532970768186,-0.16212548282701744,0.04375000000000007,1402074400,1013138961.44,13905585.027285721,5465055.880053228,0.08,0.11071132023249376,0.17573225433729167,0.3522311868588246,0.3693774208584938,"2026-09-15","2026-09-30",0.6389611298550212,0.5360038057138231,0.2849443066584646,0.4228987331068146,0.046467999999999995,0.06424332023249377,642,0.0538,538,0.0569,569,18576.186243748863,0.165029061721561
2026-08-20 00:00:00,"STRK",69.98,69.71,70.25,69.1855,-0.017940290331416083,-0.19220374220374228,0.011874999999999924,1402074400,977386064.2399999,6758754.378471599,5162219.752378212,0.08,0.11476115334959118,0.18216056087236696,0.34315288879061423,0.3675044143146622,"2026-09-15","2026-09-30",0.6248688275118051,0.5181929004405644,0.27775196244309475,0.4220771116536915,0.045876,0.06888515334959118,689,0.0577,577,0.0571,571,18576.186243748863,0.1612250753120069
2026-08-19 00:00:00,"STRK",67.07,68.23,69.24,66.65,-0.05068937550689375,-0.21517553793884478,-0.006624999999999948,1402074400,956635363.12,6489626.934478571,5053815.409291762,0.08,0.11725047633006008,0.18611186719057154,0.3396307466423328,0.36688461878519024,"2026-09-15","2026-09-30",0.6230262393401595,0.5172163408292728,0.2990836989229193,0.4388977988892776,0.045767999999999996,0.07148247633006008,715,0.0589,589,0.0584,584,18576.186243748863,0.15279202696760955
2026-08-18 00:00:00,"STRK",68.05,65.78,68.74,65.78,-0.08897849462365597,-0.26899831566432186,-0.037249999999999985,1402074400,922284540.32,8409915.58353232,4925039.158292915,0.08,0.12161751292186075,0.19304367130454086,0.32511186884847565,0.3667503156558231,"2026-09-15","2026-09-30",0.6122480402366444,0.49927794324854335,0.30494262149102763,0.43446854956271713,0.046059600000000006,0.07555791292186075,756,0.0615,615,0.0602,602,18576.186243748863,0.14065065369413193
2026-08-17 00:00:00,"STRK",68.01,68.65,69,67.8054,-0.056364364899158526,-0.25502964330838757,-0.0013749999999999262,1402074400,962524075.6,4205596.0305965,4835827.108310668,0.08,0.1165331391114348,0.18497323668481713,0.3026412949797185,0.3651546898829548,"2026-09-15","2026-09-30",0.6055475288404812,0.5132637172415516,0.29144476074226017,0.4214524998051035,0.0464044,0.0701287391114348,701,0.056,560,0.0605,605,18576.186243748863,0.1422869628550619
2026-08-14 00:00:00,"STRK",66.9,68.6,69.019,66.47,-0.0753110674525213,-0.2669856459330144,-0.0020000000000000686,1402074400,961823038.4,7919498.8660424,4873729.133243667,0.08,0.11661807580174928,0.18510805682817347,0.31157493115299817,0.3651128795899966,"2026-09-15","2026-09-30",0.6090252733814739,0.5180604058145203,0.29511923130486484,0.42861005804020763,0.046044800000000004,0.07057327580174927,706,0.0557,557,0.0609,609,18918.515385265222,0.13562682215743443
2026-08-13 00:00:00,"STRK",67.52,66.92,68,66.5,-0.10353798126951085,-0.2998130841121495,-0.022999999999999975,1402074400,938268188.48,3789004.25701168,4909537.6743316,0.08,0.1195457262402869,0.1897551210163284,0.3114459441143658,0.36479852173429506,"2026-09-15","2026-09-30",0.626433878555767,0.5264429922652095,0.3069841464206419,0.43911948332350625,0.0454444,0.0741013262402869,741,0.0593,593,0.0602,602,18918.515385265222,0.14509862522414824
2026-08-12 00:00:00,"STRK",68.53,68.05,68.53,67.97,-0.09706109822119105,-0.29583333333333334,-0.008875000000000032,1402074400,954111629.1999999,3291577.8012626,5158793.532780459,0.08,0.11756061719324026,0.18660415427498456,0.30677931927209956,0.36456876954202183,"2026-09-15","2026-09-30",0.6344566770656567,0.5291011751214411,0.31333508381695135,0.44708102132265043,0.046056,0.07150461719324026,715,0.0568,568,0.0608,608,18918.515385265222,0.13935341660543718
2026-08-11 00:00:00,"STRK",67.6,68.35,68.37,67.6,-0.09946236559139797,-0.30063204176971703,-0.005125000000000069,1402074400,958317852.4,3139699.2309800996,5580612.524804106,0.08,0.11704462326261889,0.18578511628987124,0.3158204432195968,0.3646698454382382,"2026-09-15","2026-09-30",0.6324465691112716,0.5259631393985836,0.31447839215308643,0.45294959869127027,0.0462498,0.07079482326261888,708,0.0562,562,0.0608,608,18918.515385265222,0.1405852231163131
2026-08-10 00:00:00,"STRK",67.64,67.56,68.2,67.5005,-0.11444939528962438,-0.30678899082568806,-0.014999999999999968,1402074400,947241464.64,6570977.29912044,6098010.403956546,0.08,0.11841326228537596,0.18795755918313645,0.3188360577461094,0.36514823051955614,"2026-09-15","2026-09-30",0.63515330270549,0.5295359755961527,0.3189543896931356,0.45170750763786377,0.046394,0.07201926228537597,720,0.0575,575,0.0609,609,18918.515385265222,0.14406453522794552
2026-08-07 00:00:00,"STRK",65.62,67.05,67.05,65.44,-0.12594936708860763,-0.31398537477148086,-0.021375000000000033,1402074400,940090885.1999999,3540190.70986875,6418936.167440023,0.08,0.11931394481730052,0.18938721399571512,0.42707705241704297,0.3643130480763801,"2026-09-15","2026-09-30",0.6350158551860976,0.5341977464159672,0.3230517894014767,0.4575666092030941,0.045677999999999996,0.07363594481730053,736,0.0584,584,0.0609,609,19784.752024015066,0.14915734526472785
2026-08-06 00:00:00,"STRK",64.8,65.25,65.5,64.175,-0.1383728379244074,-0.30928807166430927,-0.043875,1402074400,914853546,4271314.034853,7086505.844988718,0.08,0.12260536398467432,0.19461168886456243,0.4334742339414179,0.36464741355536406,"2026-09-15","2026-09-30",0.6342540341620988,0.5374837357948564,0.3313997411231581,0.4595603935118376,0.0459778,0.07662756398467432,766,0.061,610,0.0616,616,19784.752024015066,0.14842911877394635
2026-08-05 00:00:00,"STRK",62.72,64.91,64.91,62.7,-0.14217948717948722,-0.31340050852245976,-0.04812500000000004,1402074400,910086493.04,8798040.518097859,7655724.168901403,0.08,0.12324757356339548,0.1956310691482468,0.4905107085723002,0.36457685072094,"2026-09-15","2026-09-30",0.6366164393813719,0.5217573301544,0.33876818475265436,0.46718394627581644,0.045316,0.07793157356339547,779,0.0624,624,0.0608,608,19784.752024015066,0.15154829764289018
2026-08-04 00:00:00,"STRK",62.14,63.2,63.37,61.8,-0.16195372750642667,-0.33314601479816425,-0.06949999999999996,1402074400,886111020.8000001,7810193.100389601,7600272.024739171,0.08,0.12658227848101264,0.20092425155716293,0.5526921575074628,0.3634508245536507,"2026-09-15","2026-09-30",0.6410733265868855,0.5240684814559614,0.3543651059463537,0.47531922056588993,0.04519,0.08139227848101263,814,0.0656,656,0.061,610,19784.752024015066,0.1545094936708861
2026-08-03 00:00:00,"STRK",60.03,61.8,62.53,59.69,-0.19939766595557787,-0.3415094339622642,-0.08700000000000004,1402074400,866481979.1999999,7647136.7116938,7579475.706334812,0.08,0.12944983818770228,0.20547593363127345,0.5490495356041353,0.3633422523048364,"2026-09-15","2026-09-30",0.6409815325039202,0.5272197168800066,0.3498380011103549,0.4764348503897902,0.045781999999999996,0.08366783818770229,837,0.0677,677,0.0618,618,19784.752024015066,0.15349514563106798
2026-07-31 00:00:00,"STRK",63.02,59.56,63.02,58.91,-0.21319018404907966,-0.39250067439978414,-0.11499999999999996,1402074400,835075512.64,14715197.945107961,8333771.189230721,0.08,0.1343183344526528,0.21320370548040124,0.5381353807443027,0.36349488413536934,"2026-09-15","2026-09-30",0.641126432260147,0.5193655920799549,0.33303318622202943,0.4558697069644372,0.046114,0.08820433445265279,882,0.0713,713,0.063,630,20138.725726645138,0.15661517797179314
2026-07-30 00:00:00,"STRK",62.31,63.02,63.75,62.1018,-0.16896728016359908,-0.3208377163622453,-0.07174999999999995,1402074400,883587286.88,4466423.38533082,8145920.243396149,0.08,0.12694382735639478,0.2014981386609441,0.5353330910082906,0.3650627604535378,"2026-09-15","2026-09-30",0.6319455690505167,0.4910300667812218,0.3491602778295582,0.4678865264029493,0.045678,0.08126582735639479,813,0.0652,652,0.0618,618,20138.725726645138,0.15509362107267533
2026-07-29 00:00:00,"STRK",62.5,62.9,63.085,61.52,-0.15373581953318555,-0.3372593008038886,-0.07325000000000001,1402074400,881904797.6,3390726.6891011996,8358991.6998141855,0.08,0.1271860095389507,0.20188255482373127,0.5356100702369272,0.3656331483828957,"2026-09-15","2026-09-30",0.6255157178103578,0.48547746318194585,0.3380136840602024,0.45938487156618646,0.045566,0.08162000953895071,816,0.0654,654,0.0618,618,20138.725726645138,0.14837837837837836
2026-07-28 00:00:00,"STRK",62.07,62.46,63.105,61.3501,-0.15417924156934779,-0.3225,-0.07874999999999999,1402074400,875735670.24,2590496.5688865,8515892.916647376,0.08,0.12808197246237593,0.2033047181942475,0.5612197324925179,0.36678493260741607,"2026-09-15","2026-09-30",0.6296123691906405,0.48614348647904565,0.3526050548911811,0.46305350739906675,0.0450912,0.08299077246237593,830,0.0666,666,0.0615,615,20138.725726645138,0.15395453089977584
2026-07-27 00:00:00,"STRK",61.03,62.15,62.905,61.03,-0.16634178037686814,-0.3498609823911029,-0.08262500000000002,1402074400,871389239.6,3674983.2025719997,8695903.433402773,0.08,0.12872083668543846,0.20431878838958487,0.562991028017759,0.36745283537582857,"2026-09-15","2026-09-30",0.6303942751377708,0.48751915358355963,0.3502349695976871,0.46277765554318334,0.045509999999999995,0.08321083668543847,832,0.0666,666,0.0621,621,20138.725726645138,0.1587288817377313
2026-07-24 00:00:00,"STRK",61,60.56,62.2,60.56,-0.1935026427742683,-0.3845601436265709,-0.10249999999999997,1402074400,849096256.64,4105543.7992438404,8811222.51320698,0.08,0.1321003963011889,0.20968316873204584,0.5604210528869357,0.36847613316289274,"2026-09-15","2026-09-30",0.62903288894939,0.49503186318199405,0.36688833565406387,0.46693658578215574,0.0457664,0.08633399630118889,863,0.0699,699,0.0622,622,20138.725726645138,0.15137054161162483
2026-07-23 00:00:00,"STRK",61.71,61.11,62.7,61.0201,-0.19182993981303628,-0.3950455182072829,-0.095625,1402074400,856807665.84,3636391.02370299,8817731.441167187,0.08,0.1309114711176567,0.20779598590104237,0.564526022274391,0.36912200426652314,"2026-09-15","2026-09-30",0.6273084975727716,0.49376506650070234,0.3667875616967099,0.4645576690718029,0.046045,0.08486647111765669,849,0.0683,683,0.0626,626,20800.407454593937,0.15321551300932743
2026-07-22 00:00:00,"STRK",62.72,62.29,63.105,62.29,-0.17703533026113677,-0.3859258288559822,-0.080875,1402074400,873352143.76,2352713.8581916,9045966.001365999,0.08,0.12843152994060042,0.20385957133428637,0.564075054576056,0.3687428436537317,"2026-09-15","2026-09-30",0.6179214475838677,0.48122294409493843,0.35766766463019684,0.45928586781722264,0.0456808,0.08275072994060043,828,0.0663,663,0.0622,622,20800.407454593937,0.1605554663669931
2026-07-21 00:00:00,"STRK",61.8,62.77,63.11,61.8,-0.15222513089005238,-0.39816310910791736,-0.07487499999999996,1402074400,880082100.88,2831366.4883605903,9295767.404713375,0.08,0.12744941851202804,0.20230066430480642,0.5674163446281483,0.36952343760081746,"2026-09-15","2026-09-30",0.6186618715548226,0.4825085150572676,0.34959065640281395,0.4507135880543598,0.045312,0.08213741851202805,821,0.0659,659,0.0615,615,20800.407454593937,0.16241835271626573
2026-07-20 00:00:00,"STRK",61.98,61.15,63.25,61,-0.1780554470909801,-0.41482609799441483,-0.09512500000000002,1402074400,857368495.6,5417282.9641946005,9946334.874130461,0.08,0.13082583810302534,0.2076600604809926,0.5711837811238994,0.3691368571811638,"2026-09-15","2026-09-30",0.6140189721500866,0.4764153439595362,0.34103060309121735,0.4533363280588006,0.0448606,0.08596523810302534,860,0.0694,694,0.0615,615,20800.407454593937,0.15996729354047423
2026-07-17 00:00:00,"STRK",60.4,61.73,61.83,60,-0.17104578563995837,-0.4254758177473841,-0.08787500000000004,1402074400,865500527.12,5576104.71995337,10107359.699110825,0.08,0.12959663048760733,0.20570893728191642,0.583177845749903,0.3691334256837988,"2026-09-15","2026-09-30",0.6185185177456459,0.4809288583319087,0.33903619213886377,0.4491448111375322,0.0444038,0.08519283048760734,852,0.0677,677,0.0619,619,21066.974371129745,0.15365300502186943
2026-07-16 00:00:00,"STRK",61.37,61.03,61.72,60.84,-0.15678929765886285,-0.42181087193232264,-0.09662499999999999,1402074400,855686006.32,4810477.49040635,10347642.54630587,0.08,0.1310830738980829,0.20806837126679825,0.5816436013171044,0.36936212567621873,"2026-09-15","2026-09-30",0.6173152416089265,0.4837882536848074,0.3477198388521793,0.4493776060747783,0.0444704,0.08661267389808291,866,0.0688,688,0.0623,623,21066.974371129745,0.1540717679829592
2026-07-15 00:00:00,"STRK",61.95,61.4,62.38,61.03,-0.15104445634708097,-0.41572655329179997,-0.09200000000000001,1402074400,860873681.6,3641328.493555,10644819.347892167,0.08,0.13029315960912052,0.20681453906209607,0.584392613198702,0.3694288654719216,"2026-09-15","2026-09-30",0.6145551461252955,0.48244887577262174,0.3460209133593935,0.45238473743956004,0.044293599999999995,0.08599955960912053,860,0.0687,687,0.0616,616,21066.974371129745,0.15874592833876222
2026-07-14 00:00:00,"STRK",60.77,60.99,61.2495,60.43,-0.16436720615547884,-0.41795326077786216,-0.09712499999999998,1402074400,855125176.5600001,2287033.8994199703,10936963.829654988,0.08,0.13116904410559108,0.20820483191363662,0.585683304696363,0.36934061001135093,"2026-09-15","2026-09-30",0.6144471981330202,0.47767567942250494,0.344954821055565,0.45120580738402577,0.0446498,0.08651924410559107,865,0.0692,692,0.0619,619,21066.974371129745,0.1599934415477947
2026-07-13 00:00:00,"STRK",60.59,60.36,60.8199,60,-0.1592287987056762,-0.44195918367346937,-0.10500000000000001,1402074400,846292107.84,3908495.38988508,12517710.092733143,0.08,0.13253810470510272,0.2103779439763535,0.5868210762069643,0.3698483473446549,"2026-09-15","2026-09-30",0.6172429428324206,0.48167922515886563,0.34918105335854865,0.45292603773176154,0.045095,0.08744310470510272,874,0.0691,691,0.0634,634,21066.974371129745,0.1525844930417495
2026-07-10 00:00:00,"STRK",61.92,60.95,61.92,60.26,-0.1408489149720212,-0.45168986083499,-0.09762499999999996,1402074400,854564346.8000001,4820501.19703525,12640288.460431904,0.08,0.13125512715340443,0.2083414716720705,0.5952930003392356,0.37102586739974747,"2026-09-15","2026-09-30",0.6239595450329262,0.49281607154503027,0.3527666057899476,0.4587433484959163,0.0444924,0.08676272715340443,868,0.0686,686,0.0627,627,21600.20005333175,0.15527481542247742
2026-07-09 00:00:00,"STRK",61.01,60.39,61.5,58.76,-0.14393523600439073,-0.45068273092369476,-0.104625,1402074400,846712730.16,3506624.0858781,12638008.706333224,0.08,0.1324722636198046,0.21027343431715018,0.593426934049598,0.3710516559291313,"2026-09-15","2026-09-30",0.6226461352910152,0.49121413781547213,0.35034754295136844,0.4579813159344156,0.044212,0.0882602636198046,883,0.0699,699,0.0626,626,21600.20005333175,0.1554727603907932
2026-07-08 00:00:00,"STRK",60.92,60.42,61,60.2501,-0.13160823594880347,-0.44373983739837397,-0.10424999999999998,1402074400,847133352.48,2626339.4045131803,12812613.862349333,0.08,0.13240648791790796,0.21016902844112376,0.5931360705673298,0.37134871527492047,"2026-09-15","2026-09-30",0.6279674543321814,0.5007052189065173,0.3482763876206771,0.4611623662507456,0.0445,0.08790648791790796,879,0.0686,686,0.0638,638,21600.20005333175,0.15536246276067528
2026-07-07 00:00:00,"STRK",63.22,61.65,63.5,60,-0.10162314749470708,-0.4234271523178808,-0.08887500000000001,1402074400,864378867.6,5733554.0840649,12887101.598006379,0.08,0.129764801297648,0.20597587507563175,0.5922101978766322,0.3715253204505364,"2026-09-15","2026-09-30",0.6274017659735643,0.5028698443142038,0.3503322062640398,0.4674799102181916,0.0443576,0.085407201297648,854,0.0666,666,0.0632,632,21600.20005333175,0.15792376317923765
2026-07-06 00:00:00,"STRK",61,62.99,63.12,60.92,-0.09345794392523359,-0.41057788110262367,-0.07212499999999997,1402074400,883166664.5600001,5342656.778586481,12904413.041422414,0.08,0.12700428639466582,0.20159410538835845,0.5909284746947009,0.3717867719808324,"2026-09-15","2026-09-30",0.6250653196587658,0.5024468851116666,0.34576606310625324,0.46122385380548836,0.0437848,0.08321948639466582,832,0.0647,647,0.0623,623,21600.20005333175,0.15997777424988094
2026-07-02 00:00:00,"STRK",63.2,61.46,63.75,60.175,-0.10720315137872816,-0.4116550906318821,-0.09124999999999998,1402074400,861714926.24,8993755.09868038,13038956.13629414,0.08,0.13016596160104132,0.20661263746197037,0.5852026527031265,0.37077180731985443,"2026-09-15","2026-09-30",0.6374811360881709,0.5082620344966249,0.34638190020053294,0.4487415432637416,0.0438236,0.08634236160104133,863,0.067,670,0.0631,631,21504.439419705603,0.1639602993817117
2026-07-01 00:00:00,"STRK",59.21,60.68,62.74,59,-0.1255580357142858,-0.41286599700790766,-0.101,1402074400,850778745.92,11266680.010477481,12871967.457220413,0.08,0.13183915622940012,0.20926850195142876,0.5827166354430527,0.3706408090892633,"2026-09-15","2026-09-30",0.6363605788099217,0.5052175192461529,0.3468818676148092,0.44334369007923974,0.0437632,0.08807595622940012,881,0.0685,685,0.0634,634,21504.439419705603,0.153905735003296
2026-06-30 00:00:00,"STRK",59.37,58.82,59.4,56.5022,-0.12122525646582856,-0.4478142302289067,-0.12425,1402074400,824700162.08,15946147.561972,12834682.110655244,0.08,0.13600816048962938,0.21588596903115775,0.5711200785373773,0.37040118864080845,"2026-09-15","2026-09-30",0.6292180531238624,0.5009227012051032,0.3590459076863827,0.44060502985150357,0.0432,0.09280816048962938,928,0.0721,721,0.0639,639,21504.439419705603,0.14778986739204353
2026-06-29 00:00:00,"STRK",57.89,59.49,59.96,56.16,-0.15092515879591273,-0.3606479727169382,-0.11587499999999998,1402074400,834094060.5600001,18661635.6055533,12646190.173938056,0.08,0.13447638258530845,0.21345457553223562,0.5710569952192751,0.3710464156514964,"2026-06-15","2026-06-30",0.6306670409129067,0.5013080673040208,0.36653908335478774,0.43803747688615235,0.0426912,0.09178518258530845,918,0.0714,714,0.0631,631,21504.439419705603,0.15579088922507983
2026-06-26 00:00:00,"STRK",50.01,53.79,54.75,49.797,-0.24403794037940377,-0.4128100351610758,-0.187125,1402074400,754175819.76,16198750.20362478,12699651.802855546,0.08,0.14872652909462725,0.23607385570575753,0.4653951859879022,0.38202139481690234,"2026-06-15","2026-06-30",0.5936481327223503,0.5426262312565869,0.32495543218278444,0.40727890299482233,0.0422244,0.10650212909462725,1065,0.0837,837,0.065,650,22868.816316029846,0.15302100762223464
2026-06-25 00:00:00,"STRK",56.47,51.72,57.8126,50.6501,-0.28563829787234046,-0.4301526717557252,-0.213,1402074400,725152879.68,23567281.0363296,12375817.865088146,0.08,0.15467904098994587,0.24552228728562836,0.43871065414845056,0.37975058251881366,"2026-06-15","2026-06-30",0.6231254606982939,0.5433274817003866,0.3539243129998109,0.42696404895273665,0.042355000000000004,0.11232404098994586,1123,0.089,890,0.0657,657,22868.816316029846,0.164984532095901
2026-06-24 00:00:00,"STRK",60.08,55.46,60.35,55,-0.23974596454088382,-0.3886319845857418,-0.16624999999999998,1402074400,777590462.24,21347863.7522336,11807889.880734336,0.08,0.14424810674359897,0.22896524879936345,0.40390413939756115,0.3739181314324377,"2026-06-15","2026-06-30",0.5922510047335464,0.5598539673968299,0.3775371449821723,0.4051893108917279,0.042746400000000004,0.10150170674359897,1015,0.0792,792,0.065,650,22868.816316029846,0.16972592859718716
2026-06-23 00:00:00,"STRK",59.89,60.35,61.2999,59.26,-0.1531984245552084,-0.33647218716629457,-0.10512499999999998,1402074400,846151900.4,7134476.193230851,11571453.408358715,0.08,0.13256006628003314,0.21041280361910022,0.3370501456482727,0.36483720903160116,"2026-06-15","2026-06-30",0.5814412598785214,0.5680752619090274,0.4044572454070395,0.43465488568008737,0.0439834,0.08857666628003313,886,0.0679,679,0.0647,647,22868.816316029846,0.17206296603148302
2026-06-22 00:00:00,"STRK",63.09,60.2,63.3,59.71,-0.17517570613976918,-0.3358005453837164,-0.10699999999999996,1402074400,844048788.8000001,7186303.5482588,11515311.789015856,0.08,0.13289036544850497,0.21093708801349995,0.33544078376632713,0.365539431536845,"2026-06-15","2026-06-30",0.5903756491646893,0.5789955817659069,0.4200423462460748,0.43848377660534005,0.0441232,0.08876716544850496,888,0.0688,688,0.0641,641,22868.816316029846,0.18182724252491694
2026-06-18 00:00:00,"STRK",64,60.53,64.9,59.5701,-0.17321168848340598,-0.34326658987367487,-0.10287499999999998,1402074400,848675634.32,30276001.1985711,11713765.34511093,0.08,0.1321658681645465,0.209787092324677,0.3354171192191097,0.36510190406088233,"2026-06-15","2026-06-30",0.5881352011906043,0.5837430291768713,0.419800516013457,0.44748913112765915,0.0435972,0.0885686681645465,886,0.0675,675,0.0647,647,23246.477855373258,0.18590781430695522
2026-06-17 00:00:00,"STRK",64.19,63.85,65.73,63.63,-0.1538164996144949,-0.3084696823869105,-0.06137499999999998,1402074400,895224504.4,9079669.5700708,11127620.767691026,0.08,0.12529365700861395,0.19887882064859355,0.31249826337921716,0.3615013151190767,"2026-06-15","2026-06-30",0.5871574695443256,0.5805299042036461,0.4742233408076904,0.5007039407156725,0.0441212,0.08117245700861395,812,0.0612,612,0.0641,641,23246.477855373258,0.1825528582615505
2026-06-16 00:00:00,"STRK",68,64.29,68.75,64.29,-0.15186796315250756,-0.3098806682577565,-0.05587499999999992,1402074400,901393631.7600001,10858567.07787192,11129629.434792733,0.08,0.12443614870119768,0.1975176963511074,0.313293406019724,0.36152117976632686,"2026-06-15","2026-06-30",0.5877114059690195,0.5803356814081253,0.4754110534138526,0.5001548269133205,0.0433766,0.08105954870119768,811,0.0618,618,0.0627,627,23246.477855373258,0.1910250427749261
2026-06-15 00:00:00,"STRK",68.5,68.16,69.3,67.88,-0.10658347128485934,-0.2711961722488039,-0.00750000000000004,1402074400,955653911.04,8097763.19409696,11374586.682681628,0.08,0.11737089201877934,0.18630300320441165,0.271341741694984,0.3577398503716563,"2026-06-15","2026-06-30",0.6440513711112654,0.6489829120619737,0.5104335734019245,0.5360761405843942,0.043986599999999994,0.07338429201877936,734,0.0547,547,0.0627,627,23246.477855373258,0.19240023474178403
2026-06-12 00:00:00,"STRK",68.97,69.575,69.8,68.5,-0.09923231814749549,-0.2681603773584905,-0.014812499999999961,1402074400,975493263.8000001,7990812.071548351,11551203.250376645,0.08,0.11498383039885016,0.18251401650611135,0.27335749741756,0.3567680680114143,"2026-06-15","2026-06-30",0.7006418000226213,0.7276427569311493,0.5178905243111572,0.5521356560403483,0.044233,0.07075083039885016,708,0.051,510,0.064,640,23404.369563777127,0.17818181818181816
2026-06-11 00:00:00,"STRK",67.01,68.2,68.6451,66.65,-0.12282893914781955,-0.2859820089955022,-0.03199999999999996,1402074400,956214740.8000001,7134555.596698199,11610222.436484117,0.08,0.11730205278592375,0.18619373458083135,0.27209900287333,0.35613868855032094,"2026-06-15","2026-06-30",0.6995134964044886,0.7367880181425126,0.5189347175089932,0.5357412891869726,0.0438412,0.07346085278592375,735,0.0535,535,0.0638,638,23404.369563777127,0.17617302052785924
2026-06-10 00:00:00,"STRK",66.1,66.87,67.59,66.1,-0.13425518541797601,-0.30014956066554493,-0.04862499999999994,1402074400,937567151.2800001,4300811.63805006,11621157.507059004,0.08,0.1196351129056378,0.1898970046121235,0.2723554718116319,0.3554830899312229,"2026-06-15","2026-06-30",0.692478381259754,0.7311456665239611,0.50481548063856,0.5240618634950683,0.0447216,0.0749135129056378,749,0.0543,543,0.0653,653,23404.369563777127,0.1724988784208165
2026-06-09 00:00:00,"STRK",67.9,66.06,68.66,66,-0.13574603174603173,-0.31387808041504534,-0.05874999999999997,1402074400,926210348.64,10483427.82966732,11745695.936163338,0.08,0.12110202845897669,0.19222544199837568,0.26959647135217624,0.3552709679436741,"2026-06-15","2026-06-30",0.7018704190013659,0.7467440590672368,0.5036624908997822,0.5263658280203279,0.0444954,0.0766066284589767,766,0.0554,554,0.0657,657,23404.369563777127,0.17714199212836815
2026-06-08 00:00:00,"STRK",67.9,67.63,69,67.08,-0.11827276180828167,-0.2838068181818182,-0.039125000000000056,1402074400,948222916.7199999,9846755.95861294,11580373.547936292,0.08,0.11829069939376018,0.18776301491073044,0.2640540451038482,0.3553213575368567,"2026-06-15","2026-06-30",0.6981660857145591,0.7306520208697156,0.4819595806219061,0.5132426880923117,0.044898,0.07339269939376017,734,0.053,530,0.0653,653,23404.369563777127,0.1880822120360787
2026-06-05 00:00:00,"STRK",68.01,65.4,68.5,64,-0.15379786566227244,-0.27855317475919,-0.06699999999999992,1402074400,916956657.6,22348390.5708732,11391351.007834636,0.08,0.12232415902140671,0.19416533178001066,0.23731908126658036,0.3558006361459088,"2026-06-15","2026-06-30",0.700559683107897,0.727722119363149,0.4866230954257915,0.5189887645000762,0.0446836,0.07764055902140671,776,0.0557,557,0.0666,666,23578.934842231774,0.18415902140672782
2026-06-04 00:00:00,"STRK",68.14,68.25,69.54,68,-0.14114554679381383,-0.29069767441860467,-0.031375,1402074400,956915778,10248027.7136055,11022346.395179728,0.08,0.11721611721611722,0.18605732891447177,0.2091790394558678,0.3574526402938659,"2026-06-15","2026-06-30",0.6945008688250132,0.7187401720323215,0.4532284420646723,0.49509064672973646,0.043992399999999994,0.07322371721611723,732,0.0526,526,0.0646,646,23578.934842231774,0.18955311355311355
2026-06-03 00:00:00,"STRK",69.67,68.14,70.39,68.14,-0.12039127163280655,-0.282036775106082,-0.03274999999999999,1402074400,955373496.16,12784590.135804681,11134223.810176838,0.08,0.1174053419430584,0.18635768562390223,0.20872371708300447,0.3577691385768874,"2026-06-15","2026-06-30",0.6945704235002196,0.7224804561598983,0.4535383089964862,0.4936624693915973,0.0442112,0.0731941419430584,732,0.0533,533,0.0641,641,23578.934842231774,0.1857132374523041
2026-06-02 00:00:00,"STRK",71,69.73,71.3,69.5,-0.1044943820224718,-0.2561010623026126,-0.012874999999999947,1402074400,977666479.12,13725781.537995271,10946902.272284096,0.08,0.11472823748745159,0.18210831347214537,0.21551335002577435,0.3575089595919359,"2026-06-15","2026-06-30",0.689923748189596,0.7213889145768851,0.4420271363185376,0.4857678289030955,0.0440026,0.07072563748745159,707,0.0516,516,0.0631,631,23578.934842231774,0.19515273196615518
2026-06-01 00:00:00,"STRK",70.63,71.3,71.45,70.27,-0.06433495021700289,-0.2312911981388135,0.006749999999999967,1402074400,999679047.1999999,12405662.9464396,10741207.151690416,0.08,0.11220196353436186,0.1780983548164474,0.20766763689203976,0.3576206001733439,"2026-06-15","2026-06-30",0.6859601081804921,0.7181257365200439,0.44442835825112204,0.4906921179654001,0.0442128,0.06798916353436187,680,0.051,510,0.0612,612,23578.934842231774,0.21007012622720897
2026-05-29 00:00:00,"STRK",72.52,70.27,73.75,70.27,-0.07748276742404911,-0.22970180100383825,-0.006125000000000047,1402074400,985237680.88,49709421.791764624,10808399.975677531,0.08,0.11384659171766046,0.18070887574231817,0.20111544456168046,0.35722077951916087,"2026-06-15","2026-06-30",0.6989985195765448,0.7270761377624154,0.4464918966467688,0.4963258750223879,0.0438792,0.06996739171766045,700,0.0537,537,0.0602,602,23606.71653996857,0.22639817845453253
2026-05-28 00:00:00,"STRK",73.48,73.09,73.85,72.51,-0.041485830993106966,-0.20515585179376586,0.029125000000000047,1402074400,1024776178.96,7585846.42084791,9504634.005328553,0.08,0.10945409768778218,0.17373666299647963,0.18965893622128085,0.3551930505506957,"2026-06-15","2026-06-30",0.7370019555681214,0.7451848274418129,0.45676950758649876,0.5100913178638331,0.044134,0.06532009768778219,653,0.0491,491,0.0603,603,23606.71653996857,0.2074702421671911
2026-05-27 00:00:00,"STRK",73.61,73.48,73.96,73.15,-0.03650753127393412,-0.1991350501277766,0.03400000000000005,1402074400,1030244269.12,4752108.57407484,9686056.458731687,0.08,0.10887316276537833,0.1728145440720291,0.18920520930959422,0.355193642214626,"2026-06-15","2026-06-30",0.7420973785001045,0.750188745392716,0.4733261680087311,0.5206018021019123,0.0444528,0.06442036276537833,644,0.0482,482,0.0607,607,23606.71653996857,0.20985302123026672
2026-05-26 00:00:00,"STRK",74.03,73.88,74.68,73.12,-0.05668821481849829,-0.18922665610456482,0.038999999999999944,1402074400,1035852566.7199999,8744778.76636124,9924023.664258692,0.08,0.10828370330265295,0.17187889413119517,0.19045418548230586,0.35588178969105905,"2026-06-15","2026-06-30",0.740178139497917,0.748296748374172,0.47356015710393595,0.5222054377418464,0.0446776,0.06360610330265296,636,0.0482,482,0.0601,601,23606.71653996857,0.21647265836491608
2026-05-22 00:00:00,"STRK",73.69,73.78,74.291,73.6588,-0.05298675331167202,-0.18957486869487658,0.03775000000000002,1402074400,1034450492.32,4860971.4742246,9877499.824826099,0.08,0.10843046896177826,0.1721118554948861,0.19679893736871248,0.35527206013268825,"2026-06-15","2026-06-30",0.7394291785773691,0.747966084673375,0.47266402805872704,0.5198101211460346,0.0452926,0.06313786896177825,631,0.0475,475,0.0609,609,23751.87119698295,0.21671184602873406
2026-05-21 00:00:00,"STRK",73.44,73.55,73.96,73.219,-0.05586103474131466,-0.18450000000000003,0.03487499999999997,1402074400,1031225721.1999999,6252897.38654595,9880475.094457924,0.08,0.10876954452753229,0.17265007067862267,0.1999690624294263,0.35539544052714483,"2026-06-15","2026-06-30",0.7423502937320041,0.7496729384073896,0.46881163540926024,0.5201007274365194,0.045341599999999996,0.0634279445275323,634,0.0484,484,0.0603,603,23751.87119698295,0.22413324269204624
2026-05-20 00:00:00,"STRK",74.85,73.02,74.94,73.01,-0.06248437890527368,-0.18326612903225814,0.028249999999999952,1402074400,1023794726.88,9378949.62473826,9829649.706069613,0.08,0.10955902492467817,0.17390321416615584,0.19944077786817732,0.3554155334341505,"2026-06-15","2026-06-30",0.7480600666502315,0.7537078820759044,0.45995773882935526,0.5177074367848946,0.045266,0.06429302492467817,643,0.0494,494,0.0602,602,23751.87119698295,0.2270747740345111
2026-05-19 00:00:00,"STRK",73.83,73.98,75.2999,73.83,-0.0370088719898606,-0.16746217121966075,0.04025000000000005,1402074400,1037254641.12,3984094.7264685603,9801151.917160023,0.08,0.10813733441470667,0.17164656256302646,0.1992560998143682,0.35531939022235354,"2026-06-15","2026-06-30",0.7476801075193893,0.7562998762321904,0.47063460031623855,0.5261577575522457,0.04635,0.06178733441470667,618,0.0466,466,0.0616,616,23751.87119698295,0.2225331170586645
2026-05-18 00:00:00,"STRK",74.51,74.4,75.95,74.19,-0.02426564495530002,-0.14611398963730565,0.045500000000000075,1402074400,1043143353.6,10148119.6135224,9886440.512716377,0.08,0.1075268817204301,0.17067759003242872,0.20200225631516727,0.3560029889237446,"2026-06-15","2026-06-30",0.7457014718160918,0.7566374623246045,0.4670196979682235,0.5192178579027458,0.045794,0.061732881720430094,617,0.0465,465,0.061,610,23751.87119698295,0.22396505376344084
2026-05-15 00:00:00,"STRK",76.35,74.87,76.5,74.695,-0.014487179487179428,-0.14159933706235758,0.05137500000000006,1402074400,1049733103.2800001,10291389.46045642,9761893.961006874,0.08,0.10685187658608254,0.16960615331124212,0.20458610538877917,0.35589368016694223,"2026-06-15","2026-06-30",0.7482600665729511,0.7510901108757844,0.460939197366856,0.5106530667594985,0.045642600000000005,0.06120927658608254,612,0.0481,481,0.0587,587,22103.659071231174,0.23697074929878453
2026-05-14 00:00:00,"STRK",76.3,76.35,77,75.9101,0.004487179487179414,-0.12245110278818154,0.06987499999999994,1402074400,1070483804.4,20265484.473077998,9731715.263450438,0.08,0.10478061558611658,0.1663184374382803,0.19509279355389725,0.3554431105876687,"2026-06-15","2026-06-30",0.74443639381171,0.734956351737329,0.442479726346716,0.49586065412735997,0.0445572,0.06022341558611658,602,0.0476,476,0.0572,572,22103.659071231174,0.24488539620170272
2026-05-13 00:00:00,"STRK",77.03,76.88,77.45,76.4001,0.011282051282051224,-0.12521900443161915,0.07649999999999994,1402074400,1077914798.72,6483732.070602799,9301953.999991441,0.08,0.10405827263267431,0.16517186132170525,0.19578505017320363,0.35549459648122866,"2026-06-15","2026-06-30",0.7522106418731465,0.7383251459668332,0.42974579704569704,0.47458307375536407,0.0445048,0.05955347263267431,596,0.0465,465,0.0576,576,22103.659071231174,0.23156867845993756
2026-05-12 00:00:00,"STRK",77.99,77.58,78.0499,77.25,0.05097728473322767,-0.09324009324009322,0.08524999999999998,1402074400,1087729319.52,6529441.50571536,9859317.52253479,0.08,0.10311936065996391,0.16368152485708556,0.19530439150461998,0.3565526834182227,"2026-06-15","2026-06-30",0.7540159219726096,0.7429639079155367,0.43774428052464065,0.47548257426539164,0.044566,0.05855336065996391,586,0.0461,461,0.0571,571,22103.659071231174,0.23771590616138177
2026-05-11 00:00:00,"STRK",78.81,78.12,79.01,77.56,0.043908794788273676,-0.07048030221262817,0.09200000000000005,1402074400,1095300521.28,14254769.580964921,11181282.101246579,0.08,0.10240655401945724,0.16255008574517021,0.1997975802439852,0.3572140501386024,"2026-06-15","2026-06-30",0.7402456514191557,0.7330808517649735,0.4216928021605748,0.5048108362750868,0.044205600000000005,0.058200954019457234,582,0.0457,457,0.0567,567,22103.659071231174,0.25081925243215564
2026-05-08 00:00:00,"STRK",78.97,78.55,78.97,78.35,0.05170387779083423,-0.05864566792108064,0.09737499999999996,1402074400,1101329441.2,5450227.6129451,11090728.466679899,0.08,0.10184595798854233,0.16166025077546403,0.2462710248593513,0.3570854803230521,"2026-06-15","2026-06-30",0.7433209163920007,0.7298885242557919,0.4307959953518577,0.5089873551298411,0.043819949999999996,0.058026007988542336,580,0.0453,453,0.0565,565,22115.28544579597,0.2388160407383832
2026-05-07 00:00:00,"STRK",78.05,79,79,77.1,0.05757931844888362,-0.03920485919381554,0.10300000000000001,1402074400,1107638776,13139910.231111,11201406.233990464,0.08,0.10126582278481013,0.16073940124573036,0.25332319121454616,0.3574024248771431,"2026-06-15","2026-06-30",0.748063673872743,0.7290978580882324,0.4355477130498286,0.5159587573780696,0.0441364,0.057129422784810126,571,0.0442,442,0.057,570,22115.28544579597,0.22764556962025315
2026-05-06 00:00:00,"STRK",78.05,78.05,78.2,77.7801,0.045175610393001615,-0.04822475389890499,0.09112499999999997,1402074400,1094319069.2,12691663.87597395,11067780.215320526,0.08,0.10249839846252402,0.16269587057543497,0.258926881097175,0.357182528160076,"2026-06-15","2026-06-30",0.756977896701274,0.734614823054505,0.4405717496015829,0.5232928766028047,0.0436029,0.058895498462524024,589,0.0463,463,0.0562,562,22115.28544579597,0.23935938500960924
2026-05-05 00:00:00,"STRK",78.96,78,78.96,77.815,0.10726643598615918,-0.04709141274238227,0.0905,1402074400,1093618032,9139929.583122,11070144.843112772,0.08,0.10256410256410256,0.1628001628001628,0.25959438945039814,0.35718823702440927,"2026-06-15","2026-06-30",0.7569390477177745,0.7342618564291882,0.445643560361812,0.5258739722450888,0.0443,0.05826410256410256,583,0.0459,459,0.0567,567,22115.28544579597,0.23961538461538462
2026-05-04 00:00:00,"STRK",80,77.8,81,77.441,0.010766307789740269,-0.05683192261185008,0.08799999999999997,1402074400,1090813883.2,18207284.5145388,11218841.184683288,0.08,0.10282776349614396,0.16321867221610153,0.2698993573712415,0.35789069125174705,"2026-06-15","2026-06-30",0.7565684688479245,0.7349406738135961,0.44501842450994045,0.527386326849147,0.0444778,0.058349963496143964,583,0.0457,457,0.0571,571,22052.389366688905,0.2362467866323908
2026-05-01 00:00:00,"STRK",78,79.69,79.86,77.655,-0.03882809742322623,-0.020223463687150865,0.11162499999999997,1402074400,1117313089.36,13396260.22494747,10842873.804311192,0.08,0.10038900740368929,0.1593476307995068,0.26979993436259164,0.35687330703941444,"2026-06-15","2026-06-30",0.7694386319009254,0.7500287940778724,0.4420082368341922,0.5194822883671282,0.043960900000000004,0.05642810740368929,564,0.0434,434,0.057,570,22049.07470543812,0.2223240055213954
2026-04-30 00:00:00,"STRK",76.5,78.24,78.24,76,-0.05588892810918932,-0.03642458100558665,0.09349999999999994,1402074400,1096983010.56,9761387.65477248,10584658.53749299,0.08,0.10224948875255624,0.16230077579770832,0.26689864315160805,0.35637084607041786,"2026-06-15","2026-06-30",0.7668401038451292,0.7480143608033447,0.44205438505439976,0.5166315155833827,0.0440087,0.05824078875255624,582,0.0448,448,0.0574,574,22049.07470543812,0.21146472392638035
2026-04-29 00:00:00,"STRK",76.22,76.69,76.89,75.55,-0.038254705450989926,-0.04842696629213486,0.07412499999999997,1402074400,1075250857.36,7462607.713944891,10525718.972388573,0.08,0.1043160777154779,0.1655810757388538,0.261089907764478,0.3558255640666399,"2026-06-15","2026-06-30",0.7628467185063251,0.7423330970870209,0.43405720145844157,0.5090729487523622,0.044081600000000006,0.0602344777154779,602,0.0464,464,0.0579,579,22049.07470543812,0.20627200417264313
2026-04-28 00:00:00,"STRK",76.5,76.21,77.425,75.2,-0.07058823529411778,-0.027598152424942273,0.06812499999999992,1402074400,1068520900.2399999,8036964.511180019,10544381.721671062,0.08,0.10497310064296025,0.1666239692745401,0.2739912585578331,0.3568595778838473,"2026-06-15","2026-06-30",0.770073346569321,0.7444748303072579,0.4311913038302488,0.5114666616616355,0.0434284,0.061544700642960255,615,0.048,480,0.0569,569,22049.07470543812,0.2174386563443118
2026-04-27 00:00:00,"STRK",77.61,76.95,78.405,76.81,-0.06898584905660371,-0.01995846792801112,0.07737500000000004,1402074400,1078896250.8,5523756.182856,10640852.439148014,0.08,0.10396361273554255,0.16502160751673423,0.2728771854503186,0.3574563679049439,"2026-06-15","2026-06-30",0.765517405300804,0.742394776613988,0.4232983178977229,0.5103107250177803,0.0433934,0.060570212735542556,606,0.0471,471,0.0569,569,22049.07470543812,0.2198830409356725
2026-04-24 00:00:00,"STRK",78.71,77.57,78.71,77,-0.07271879734296713,-0.003377591427905966,0.08512499999999992,1402074400,1087589112.08,4176079.7555631995,11071378.670252647,0.08,0.10313265437669203,0.16370262599474925,0.2722346384993147,0.35679944651534456,"2026-06-15","2026-06-30",0.7655058979398954,0.7421434405267271,0.4222241005019344,0.5100395459412417,0.043061,0.06007165437669203,601,0.0467,467,0.0565,565,22145.983552151312,0.22047183189377342
2026-04-23 00:00:00,"STRK",78.13,78.09,78.7699,76.5001,-0.06665889756438642,0.006076896108449343,0.09162500000000004,1402074400,1094879898.96,11278252.191225959,11306523.074059479,0.08,0.10244589576130106,0.16261253295444614,0.2736977636017489,0.3567634907466402,"2026-06-15","2026-06-30",0.7729937117501843,0.7499793289113847,0.4230203952378586,0.49889209204162294,0.0434029,0.05904299576130106,590,0.0457,457,0.0567,567,22145.983552151312,0.2208605455243949
2026-04-22 00:00:00,"STRK",76.95,78.12,78.99,76.95,-0.06248537327404621,-0.002201367164870788,0.09200000000000005,1402074400,1095300521.28,13604350.163518801,11835167.748812255,0.08,0.10240655401945724,0.16255008574517021,0.2743751959426625,0.35685916167514264,"2026-06-15","2026-06-30",0.7747644148906635,0.7508153354079657,0.42269582128649524,0.498576691488462,0.043005999999999996,0.05940055401945724,594,0.0461,461,0.0563,563,22145.983552151312,0.22959549411162317
2026-04-21 00:00:00,"STRK",76.49,76.4,76.85,76.0225,-0.07109004739336493,-0.007058823529411698,0.07050000000000008,1402074400,1071184841.6,7164943.999022401,11838017.080133978,0.08,0.10471204188481674,0.1662095902933599,0.2661221446575635,0.35648119857278043,"2026-06-15","2026-06-30",0.7704450667324243,0.7455521527776742,0.4153425003394133,0.49004727525991515,0.042844,0.06186804188481674,619,0.0484,484,0.0563,563,22145.983552151312,0.21462041884816752
2026-04-20 00:00:00,"STRK",76.8,76.83,76.83,75.573,-0.06588458348145518,-0.0037580739870817074,0.07587499999999998,1402074400,1077213761.52,7554927.9201848395,12308094.750507649,0.08,0.10412599245086555,0.165279353096612,0.267907586788417,0.3571580297806177,"2026-06-15","2026-06-30",0.7629413378016732,0.740784181159948,0.4190527271352095,0.4988227259020382,0.04248,0.06164599245086556,616,0.0477,477,0.0564,564,22145.983552151312,0.22232200963165433
2026-04-17 00:00:00,"STRK",75.49,76.88,77.2499,74.985,-0.08904030488509075,-0.0031708749266002373,0.07649999999999994,1402074400,1077914798.72,14421447.666053118,12376385.636128938,0.08,0.10405827263267431,0.16517186132170525,0.2679673802934946,0.3571605531627927,"2026-06-15","2026-06-30",0.7640239770139551,0.7407722536953416,0.41858177204536773,0.49839940437447444,0.0424824,0.06157587263267431,616,0.0496,496,0.0545,545,20315.852922984723,0.21659729448491158
2026-04-16 00:00:00,"STRK",74.57,74.75,75,73.24,-0.11363898833583558,-0.025668197338985125,0.049875,1402074400,1048050614,10596442.68129525,12539409.152627448,0.08,0.10702341137123746,0.16987843074799597,0.2536445541596344,0.35601653196949284,"2026-06-15","2026-06-30",0.7598678519091819,0.7389326242817305,0.4002038412155134,0.4895555757706818,0.0428638,0.06415961137123746,642,0.0516,516,0.0555,555,20315.852922984723,0.19925083612040134
2026-04-15 00:00:00,"STRK",76,74.68,76,74.11,-0.12245365072098865,-0.015010721944245782,0.049000000000000085,1402074400,1047069161.9200001,13028520.02294192,13132884.25411706,0.08,0.1071237279057311,0.1700376633424303,0.26337088081590354,0.3562256289486942,"2026-06-15","2026-06-30",0.7614116590099639,0.7422056768276084,0.39126259104667654,0.47309147239021776,0.0425802,0.0645435279057311,645,0.0519,519,0.0552,552,20315.852922984723,0.19220674879485805
2026-04-14 00:00:00,"STRK",74.31,75.38,75.6,74.31,-0.12068181818181824,-0.009856311601947493,0.05774999999999995,1402074400,1056883682.7199999,11891124.73988498,12960411.925192257,0.08,0.10612894667020431,0.1684586455082608,0.27567501857082455,0.35612453363336694,"2026-06-15","2026-06-30",0.7677144287252602,0.7439571039819816,0.3969628628704403,0.4721114540482683,0.0423426,0.0637863466702043,638,0.0511,511,0.055,550,20315.852922984723,0.18228973202440965
2026-04-13 00:00:00,"STRK",73.08,74.17,74.495,72.865,-0.1311737196304323,-0.0280340667139816,0.042625000000000024,1402074400,1039918582.48,7349063.5833834605,12818706.700892983,0.08,0.10786032088445463,0.17120685854675338,0.2701254390117348,0.35644647010152364,"2026-06-15","2026-06-30",0.7660854029476651,0.743733014300108,0.39121803569264013,0.4669695654409099,0.0426352,0.06522512088445463,652,0.0525,525,0.0553,553,20315.852922984723,0.17845490090333022
2026-04-10 00:00:00,"STRK",73.1,73.27,73.9999,72.5,-0.12618992338054336,-0.00501958863858975,0.03137499999999995,1402074400,1027299912.88,4950229.56317939,13293452.735767985,0.08,0.10918520540466767,0.17330984984867884,0.2766146060818561,0.3572462518682297,"2026-06-15","2026-06-30",0.7684996726640217,0.7480539115994621,0.3868476585978636,0.47200706012832877,0.0426634,0.06652180540466768,665,0.0543,543,0.0549,549,19356.715125754592,0.1755698102907056
2026-04-09 00:00:00,"STRK",72,72.88,72.9,72,-0.13071743673090325,-0.03702821764495773,0.026499999999999947,1402074400,1021831822.7199999,4728135.734896559,13402858.600741534,0.08,0.10976948408342481,0.1742372763228965,0.2844704030298327,0.3582589875893986,"2026-06-15","2026-06-30",0.7644739629310079,0.7567421690351581,0.39058129269130926,0.48226451065520276,0.0424136,0.0673558840834248,674,0.0549,549,0.0549,549,19356.715125754592,0.17681119648737653
2026-04-08 00:00:00,"STRK",72.8,71.88,72.8,71.16,-0.14845550945136018,-0.015407370886231975,0.013999999999999947,1402074400,1007811078.7199999,8524015.95745056,13470186.35242411,0.08,0.11129660545353368,0.1766612784976725,0.2796423695648897,0.3597126890392529,"2026-06-15","2026-06-30",0.7442714653344172,0.7388487978807846,0.3908052203766671,0.4672554128081694,0.0423302,0.06896640545353368,690,0.0563,563,0.055,550,19356.715125754592,0.17849193099610466
2026-04-07 00:00:00,"STRK",71.69,70.85,71.725,70.69,-0.13980399102609523,-0.03629919335125885,0.0011249999999999316,1402074400,993369712.4,6542752.593159249,13503496.550139224,0.08,0.11291460832745237,0.17922953702770217,0.2920412227370711,0.35948631603507075,"2026-06-15","2026-06-30",0.7347337040293165,0.7377006204770454,0.3987790945594228,0.4748152831814693,0.0426236,0.07029100832745237,703,0.0576,576,0.0553,553,19356.715125754592,0.17462244177840508
2026-04-06 00:00:00,"STRK",71.23,71.69,72,71.23,-0.10948640483383688,-0.0501787842669846,0.011624999999999974,1402074400,1005147137.36,6411723.06223729,13468391.383772641,0.08,0.11159157483609988,0.1771294838668252,0.29104433598599827,0.360032341839826,"2026-06-15","2026-06-30",0.7328264340588976,0.7371303973248665,0.39505270361353845,0.46802182605752396,0.0428312,0.06876037483609988,688,0.0554,554,0.0562,562,19356.715125754592,0.17811410238526992
2026-04-02 00:00:00,"STRK",71.4,71.08,72,70.8,-0.12416107382550336,-0.07735386769338462,0.003999999999999981,1402074400,996594483.52,9386028.5337634,13492641.4270314,0.08,0.11254924029262803,0.17864958776607623,0.2913501780010985,0.3601532249686745,"2026-06-15","2026-06-30",0.7386955733048812,0.7449674727504231,0.4096729326183543,0.47314071092214066,0.0424562,0.07009304029262803,701,0.0564,564,0.0562,562,19047.301728515587,0.1685846933033202
2026-04-01 00:00:00,"STRK",71.5,71.68,72,71.27,-0.06449974606399185,-0.07841776544066606,0.011500000000000088,1402074400,1005006929.9200001,7372646.569308161,13348919.629239287,0.08,0.11160714285714285,0.17715419501133786,0.29586245083590623,0.3601599293704748,"2026-06-15","2026-06-30",0.7318996109285866,0.7397062299081375,0.4129895547376433,0.4770676161156251,0.0427312,0.06887594285714285,689,0.0552,552,0.0564,564,19047.301728515587,0.17128906249999998
2026-03-31 00:00:00,"STRK",70.57,70.7,71.948,70,-0.07694261046216355,-0.06320676109986909,-0.0007499999999999619,1402074400,991266600.8000001,23204637.746903203,13425518.01359568,0.08,0.11315417256011315,0.1796097977144653,0.2932174868419928,0.36107997802622055,"2026-06-15","2026-06-30",0.7350724574507302,0.7396086962837485,0.40967032982650403,0.47467118178956136,0.042308399999999996,0.07084577256011315,708,0.0575,575,0.0556,556,19047.301728515587,0.17652050919377651
2026-03-30 00:00:00,"STRK",72.02,69.21,72.3,65.12,-0.12378491448258894,-0.08170789724072318,-0.019375000000000076,1402074400,970375692.2399999,46188378.86706909,12837917.363698907,0.08,0.11559023262534317,0.18347655972276694,0.2833509565891162,0.3611248141556595,"2026-03-15","2026-03-31",0.7458285136124021,0.7371251364169776,0.376615901884698,0.47584239912347137,0.042664,0.07292623262534317,729,0.0594,594,0.0562,562,19047.301728515587,0.17546597312527093
2026-03-27 00:00:00,"STRK",73,72.42,73.05,71.82,-0.09497750212817709,-0.06423085873865483,0.020750000000000025,1402074400,1015382280.48,11538160.54396452,11703540.734796608,0.08,0.11046672190002761,0.17534400301591685,0.2554414384088025,0.35823824526564685,"2026-03-15","2026-03-31",0.7507600529328886,0.7591275036063461,0.3647552040625421,0.4764287815604425,0.043868000000000004,0.06659872190002761,666,0.0528,528,0.0577,577,19051.26774867832,0.174026512013256
2026-03-26 00:00:00,"STRK",74.98,73.8,75.2,73.46,-0.07819530584944676,-0.05367885238315596,0.037999999999999964,1402074400,1034730907.1999999,8770560.632261999,11578564.119331123,0.08,0.10840108401084012,0.17206521271561923,0.26733793854432275,0.35780817410864896,"2026-03-15","2026-03-31",0.7471835541367211,0.7582563891098157,0.3661750509071012,0.4818293366813923,0.043839600000000006,0.06456148401084011,646,0.0516,516,0.0568,568,19051.26774867832,0.18012195121951222
2026-03-25 00:00:00,"STRK",74.81,75.2,75.72,74.81,-0.06480920654148994,-0.04400781339767894,0.055500000000000035,1402074400,1054359948.8000001,9131129.6710128,12131861.506589057,0.08,0.10638297872340426,0.16886187098953057,0.264593324668006,0.35739613287390665,"2026-03-15","2026-03-31",0.7388063266269114,0.7463219259069691,0.3580112521418159,0.47734629343712254,0.043040999999999996,0.06334197872340426,633,0.0509,509,0.0554,554,19051.26774867832,0.18501329787234042
2026-03-24 00:00:00,"STRK",74.05,75.58,75.98,74.05,-0.06020593579648697,-0.03509582082659901,0.060249999999999984,1402074400,1059687831.52,12762602.70974136,12598067.289221963,0.08,0.10584810796507013,0.1680128697858256,0.2646169995772103,0.3574072421199729,"2026-03-15","2026-03-31",0.7468733307613161,0.7522414324263474,0.3863929698227955,0.5046801627506273,0.043684,0.06216410796507013,622,0.0498,498,0.0561,561,19051.26774867832,0.18027255887801005
2026-03-23 00:00:00,"STRK",76.22,73.63,76.25,73.45,-0.08824593128390605,-0.039647058823529466,0.03587499999999995,1402074400,1032347380.7199999,13600819.83023735,13038440.92389725,0.08,0.10865136493277197,0.17246248402027298,0.2524137972259633,0.3571127861233222,"2026-03-15","2026-03-31",0.7547241824648467,0.76301823543121,0.3915515015789927,0.5097952575130366,0.042971,0.06568036493277196,657,0.0532,532,0.0555,555,19051.26774867832,0.18769523292136356
2026-03-20 00:00:00,"STRK",76.32,75.41,76.8799,75.04,-0.0628329297820823,0.004939759036144537,0.05812499999999996,1402074400,1057304305.04,6928263.103375999,14632918.152889337,0.08,0.10608672589842197,0.1683916284101936,0.24305590060155455,0.35699373915601995,"2026-03-15","2026-03-31",0.7649542522102067,0.7724085147038499,0.40813754823790044,0.5302160706814679,0.0436568,0.062429925898421966,624,0.05,500,0.0561,561,19064.75452916165,0.17989656544224902
2026-03-19 00:00:00,"STRK",75.5,76.11,76.68,75.5,-0.054358353510895824,0.0025029797377830003,0.06687499999999999,1402074400,1067118825.84,5649802.220401379,15821069.60777681,0.08,0.10511102351859151,0.16684289447395478,0.29693068060925915,0.3570357412239423,"2026-03-15","2026-03-31",0.7647867364971549,0.7702797394049579,0.3979874742943961,0.5463648504612243,0.0423224,0.06278862351859152,628,0.0504,504,0.0547,547,19064.75452916165,0.18163184864012613
2026-03-18 00:00:00,"STRK",77.8,75.63,77.89,75.62,-0.058916232270578246,-0.015770271860656743,0.06087499999999994,1402074400,1060388868.7199999,7993200.701639939,16332181.970430097,0.08,0.1057781303715457,0.1679017942405487,0.39856821483822014,0.3571830549102429,"2026-03-15","2026-03-31",0.7666001969162017,0.7715523700671094,0.3997164717241378,0.5467203501820189,0.042366,0.0634121303715457,634,0.0511,511,0.0547,547,19064.75452916165,0.18585217506280577
2026-03-17 00:00:00,"STRK",78.6,77.82,78.6175,77.28,-0.03715319662243682,-0.026984126984127093,0.08824999999999991,1402074400,1091094298.08,8022490.19241954,16740184.65537543,0.08,0.10280133641737343,0.16317672447202133,0.39867280306308006,0.357984559540313,"2026-03-15","2026-03-31",0.7602531122673728,0.7676914526160531,0.38660602925635884,0.5380053849160784,0.0419836,0.06081773641737343,608,0.0493,493,0.0535,535,19064.75452916165,0.19311231046003602
2026-03-16 00:00:00,"STRK",79.45,78.16,79.45,78,-0.031299093655589166,-0.024677382839031092,0.09249999999999996,1402074400,1095861351.04,10931086.035488639,17007876.92896145,0.08,0.1023541453428864,0.16246689736966094,0.39869024321238905,0.35868157242495524,"2026-03-15","2026-03-31",0.7630366094872638,0.7695657105590359,0.3893626169727985,0.546552273722011,0.0423063,0.060047845342886395,600,0.0485,485,0.0538,538,19064.75452916165,0.1887410440122825
2026-03-13 00:00:00,"STRK",78.95,78.53,79.07,78.06,-0.06002277904328014,0.011524720525527318,0.09712500000000002,1402074400,1101049026.32,18439543.11599502,17265240.40744516,0.08,0.10187189609066599,0.1617014223661365,0.4207038171240014,0.3584144910847802,"2026-03-15","2026-03-31",0.7728148967851084,0.7789874265616368,0.4031778247596149,0.5527825826146212,0.0428217,0.059050196090665995,591,0.0478,478,0.0541,541,18057.85245238118,0.17785559658729147
2026-03-12 00:00:00,"STRK",80.25,79.46,80.416,79.45,-0.07220956719817771,-0.0063037249283668315,0.08374999999999992,1402074400,1114088318.24,11230411.869768059,17470114.454245325,0.08,0.10067958721369243,0.15980886859316257,0.43637370172476,0.35826912745297623,"2026-03-15","2026-03-31",0.7622933166850294,0.7598692141780742,0.41003234833398705,0.5626571277150674,0.0427549,0.05792468721369243,579,0.0467,467,0.054,540,18057.85245238118,0.1728416813491065
2026-03-11 00:00:00,"STRK",79.81,80.03,80.99,79.35,-0.07069219440353455,0.002757669769045159,0.09087500000000001,1402074400,1122080142.32,27137592.43380929,17307881.491919722,0.08,0.09996251405722854,0.1586706572336961,0.4433305177849359,0.3582158325087155,"2026-03-15","2026-03-31",0.7668875061356684,0.7635340526605084,0.4156890482137216,0.5448870417752405,0.042181249999999997,0.05778126405722855,578,0.0461,461,0.0539,539,18057.85245238118,0.17284768211920531
2026-03-10 00:00:00,"STRK",79.47,79.55,79.65,78.98,-0.06895764356661727,0.023466981132075473,0.08487499999999996,1402074400,1115350185.2,13689830.1031706,16718329.90412608,0.08,0.1005656819610308,0.1596280666048108,0.4430164479799315,0.3591282646117703,"2026-03-15","2026-03-31",0.7714588229961038,0.7659780011120033,0.4290750633162913,0.5612148508099387,0.04155985,0.0590058319610308,590,0.0473,473,0.0533,533,18057.85245238118,0.17405405405405408
2026-03-09 00:00:00,"STRK",78.97,78.75,79.48,77.8801,-0.06126482213438731,-0.06937229437229443,0.074875,1402074400,1104133590,21267274.1102325,16564656.448187059,0.08,0.10158730158730159,0.16124968505920886,0.4418325629720134,0.3596970577499561,"2026-03-15","2026-03-31",0.7724663926033863,0.7665399589423976,0.4285249155625227,0.5665317606019289,0.041227,0.06036030158730159,604,0.0487,487,0.0529,529,18057.85245238118,0.17644444444444443
2026-03-06 00:00:00,"STRK",79.65,78.97,79.7973,78.68,-0.03607142857142859,-0.08675847457627126,0.07762499999999999,1402074400,1107218153.68,9603654.48882353,16271050.54917931,0.08,0.1013042927694061,0.160800464713343,0.4435602183432479,0.36964709588481326,"2026-03-15","2026-03-31",0.7772069675977712,0.7682457440804602,0.4304221853226814,0.5684074245436741,0.0415372,0.059767092769406095,598,0.0478,478,0.0535,535,18008.6215915098,0.16908952766873497
2026-03-05 00:00:00,"STRK",81.21,79.65,82.5,79.35,-0.027976190476190408,-0.07906730259671424,0.08612500000000008,1402074400,1116752259.6000001,19312153.161008403,16150192.966218526,0.08,0.10043942247332077,0.15942765471955678,0.4436636492391425,0.36956443824456475,"2026-03-15","2026-03-31",0.7780055637220662,0.7694515070263501,0.4342686487037806,0.5714514056331226,0.041364050000000006,0.059075372473320766,591,0.0477,477,0.0528,528,18008.6215915098,0.1755304456999372
2026-03-04 00:00:00,"STRK",82,81.795,82.23,80.75,-0.03661761324442403,-0.03797947055645592,0.11293750000000002,1402074400,1146826755.48,28400695.7259837,15838748.58085158,0.08,0.09780548933308882,0.15524680846522035,0.4394509547154833,0.3691801197938945,"2026-03-15","2026-03-31",0.7741090584192792,0.7672654074747077,0.4226640093359834,0.5594195867831738,0.041048049999999996,0.05675743933308882,568,0.046,460,0.0518,518,18008.6215915098,0.17903294822421906
2026-03-03 00:00:00,"STRK",79.94,79.74,79.99,78.75,-0.05228985507246383,-0.036125886524822695,0.08724999999999994,1402074400,1118014126.56,7854350.15519784,15423383.78931879,0.08,0.10032605969400553,0.15924771380000877,0.43197041841994777,0.36916822377425823,"2026-03-15","2026-03-31",0.7726235856083511,0.765160273115988,0.4167780315006175,0.5541040906061234,0.040670399999999995,0.05965565969400553,597,0.0477,477,0.0527,527,18008.6215915098,0.16639077000250818
2026-03-02 00:00:00,"STRK",78.97,80.1,80.4,78.75,-0.04099988319121604,-0.05476190476190488,0.09174999999999993,1402074400,1123061594.3999999,7639968.0109068,15597466.177478861,0.08,0.09987515605493134,0.15853199373798627,0.43759554471930573,0.369886678414693,"2026-03-15","2026-03-31",0.7686714631584685,0.7630568335286528,0.4182535233640269,0.5547548679655327,0.0405845,0.05929065605493134,593,0.0474,474,0.0525,525,18008.6215915098,0.17184769038701625
2026-02-27 00:00:00,"STRK",79.41,78.34,81,78.34,-0.025709434877516257,-0.06561851730538268,0.06975000000000005,1402074400,1098385084.96,21591444.62963344,15753166.183781968,0.08,0.10211896859841715,0.1620936009498685,0.431244784653553,0.36928673091353487,"2026-03-15","2026-03-31",0.7648056968767208,0.7602710811506008,0.41994900113862593,0.5520218864107476,0.039713399999999996,0.06240556859841716,624,0.0497,497,0.0524,524,18068.790423032875,0.16530508041868777
2026-02-26 00:00:00,"STRK",80.5,80.44,81,80.0101,-0.00024254183846708735,-0.05852034790078383,0.09599999999999997,1402074400,1127828647.36,8232405.51238588,15510540.429460853,0.08,0.09945300845350571,0.1578619181801678,0.42581835678090557,0.36872681313996436,"2026-03-15","2026-03-31",0.766166659951586,0.7574111502197686,0.4174412749950045,0.5417612153541197,0.040300749999999996,0.05915225845350572,592,0.0471,471,0.0524,524,18068.790423032875,0.1658378915962208
2026-02-25 00:00:00,"STRK",79,80.59,81.39,79,0.05009535918626824,-0.03217630853994486,0.09787500000000005,1402074400,1129931758.96,6747968.28537379,15631629.66104799,0.08,0.09926789924308227,0.15756809403663852,0.42628700506296835,0.36967697544879574,"2026-03-15","2026-03-31",0.7644599188830041,0.7583046773880381,0.41698514023877237,0.5416022783303518,0.040604,0.05866389924308227,587,0.0468,468,0.0525,525,18068.790423032875,0.16832113165405138
2026-02-24 00:00:00,"STRK",79.15,78.23,79.65,77.95,0.01685678073510771,-0.08195488721804502,0.06837500000000005,1402074400,1096842803.1200001,9523321.88890403,16103267.216868864,0.08,0.10226255912054198,0.1623215224135587,0.4220751298981833,0.3692756069811145,"2026-03-15","2026-03-31",0.7610304200129101,0.7560132230914917,0.41379327080748474,0.550855062339028,0.0404099,0.06185265912054198,619,0.0491,491,0.0532,532,18068.790423032875,0.15928671865013422
2026-02-23 00:00:00,"STRK",80,78.7,80.4,78.0163,0.05559189012426422,-0.07601333189979574,0.07425000000000004,1402074400,1103432552.8,5489597.6021618005,16160242.14923873,0.08,0.10165184243964422,0.16135213085657812,0.4220406227726831,0.3699778593935003,"2026-03-15","2026-03-31",0.7623798448064091,0.7567246682467356,0.4163056004960095,0.5565267733240243,0.04033015,0.061321692439644214,613,0.048,480,0.0536,536,18068.790423032875,0.1571918678526048
2026-02-20 00:00:00,"STRK",78.99,80.02,80.58,78.99,0.08492063492063495,-0.10731457800511512,0.09074999999999996,1402074400,1121939934.8799999,7139224.359999999,16312733.346500004,0.08,0.0999750062484379,0.1586904861086316,0.42023072523849514,0.3721580236917856,"2026-03-15","2026-03-31",0.7628389373999394,0.7578776085728689,0.4120756168303826,0.548329385446299,0.04088,0.0590950062484379,591,0.047,470,0.053,530,18096.00114902298,0.16377155711072233
2026-02-19 00:00:00,"STRK",77.85,78.9,79.9123,77.1,0.05994104159842781,-0.10064731676759235,0.07675000000000007,1402074400,1106236701.6000001,5074374.600000001,16449187.80616667,0.08,0.10139416983523447,0.1609431267225944,0.4248849006138554,0.3724634939569805,"2026-03-15","2026-03-31",0.7608023936500308,0.7570956756937991,0.40322691026286483,0.5457020446592648,0.040834100000000005,0.060560069835234466,606,0.0483,483,0.0531,531,18096.00114902298,0.16406844106463875
2026-02-18 00:00:00,"STRK",79.22,78.3,79.6,78.08,-0.00594206486754152,-0.1324543610547667,0.06924999999999996,1402074400,1097824255.2,9670598.1,16626008.702833334,0.08,0.10217113665389528,0.16217640738713537,0.43063203095212843,0.37343887517103763,"2026-03-15","2026-03-31",0.762521273413147,0.7587659462402928,0.4082270078580409,0.5511151403624085,0.0409124,0.06125873665389528,613,0.0489,489,0.0533,533,18096.00114902298,0.1598978288633461
2026-02-17 00:00:00,"STRK",77.51,78.45,78.68,77.01,0.012586532410320955,-0.08879200340280734,0.07112500000000004,1402074400,1099927366.8,5576618.25,16855618.76816667,0.08,0.10197578075207138,0.16186631865408155,0.44002004734667793,0.3741866556252379,"2026-03-15","2026-03-31",0.7634843311848833,0.7600947944800707,0.41032973999655487,0.5504053534208702,0.040518900000000004,0.061456880752071376,615,0.0493,493,0.0527,527,18096.00114902298,0.1640152963671128
2026-02-13 00:00:00,"STRK",77.47,78,78.47,77,-0.010635666584219631,-0.05561710613782411,0.0655,1402074400,1093618032,12157080,17199542.117166664,0.08,0.10256410256410256,0.1628001628001628,0.4466577904278737,0.3788192307836715,"2026-03-15","2026-03-31",0.7654628563351792,0.7580338859302566,0.40644035894841085,0.5507057880528939,0.0404,0.06216410256410256,622,0.0503,503,0.0523,523,18041.599033924584,0.17164102564102562
2026-02-12 00:00:00,"STRK",77.06,75.72,77.5,75,-0.07750741839762612,-0.07822222222222223,0.03699999999999999,1402074400,1061650735.68,7788862.08,17686541.4025,0.08,0.10565240359218173,0.16770222792409797,0.47169806913050316,0.3776121987487561,"2026-03-15","2026-03-31",0.7634991588667703,0.7540548560302166,0.41228156124796145,0.5406409768016776,0.0406564,0.06499600359218172,650,0.0524,524,0.0533,533,18041.599033924584,0.1624405705229794
2026-02-11 00:00:00,"STRK",77.59,76.75,78,76.31,-0.08472803347280342,-0.06229764430054698,0.049875,1402074400,1076092102,25369482.25,17829204.5845,0.08,0.10423452768729642,0.16545163124967685,0.4787258110710219,0.37743096464671494,"2026-03-15","2026-03-31",0.7624419973147857,0.7517978186471244,0.4121875761495266,0.5393014432561449,0.041662399999999995,0.06257212768729642,626,0.0503,503,0.054,540,18041.599033924584,0.16426058631921822
2026-02-10 00:00:00,"STRK",76.97,77.15,77.2916,76,-0.09934000910332261,-0.05709497206703904,0.054875000000000076,1402074400,1081700399.6000001,23117303.150000002,17430828.080166664,0.08,0.1036941023979261,0.16459381333004144,0.47868995250082336,0.3774053356457208,"2026-03-15","2026-03-31",0.7629489334858495,0.7532581195598282,0.4100481521841111,0.5400243145974708,0.0414988,0.0621953023979261,622,0.05,500,0.0537,537,18041.599033924584,0.17239144523655217
2026-02-09 00:00:00,"STRK",76.5,76.75,76.89,75.48,-0.10612939841089665,-0.02789351851851858,0.049875,1402074400,1076092102,25973811.75,17026399.570499998,0.08,0.10423452768729642,0.16545163124967685,0.4784187460871154,0.37811738068005674,"2026-03-15","2026-03-31",0.7696425634631148,0.7616360453907294,0.409162092972827,0.5336371475069669,0.0420496,0.06218492768729642,622,0.0505,505,0.0537,537,18041.599033924584,0.18037785016286645
2026-02-06 00:00:00,"STRK",74.25,76.59,77.6499,74.25,-0.09946144150338024,-0.009101654846335587,0.04787500000000004,1402074400,1073848782.96,61435136.7,16244482.148833333,0.08,0.10445227836532184,0.1657972672465426,0.47824095490336416,0.3796726677145458,"2026-03-15","2026-03-31",0.7739844848204561,0.7646899922721334,0.4104157787204569,0.5436197383214966,0.0420344,0.06241787836532184,624,0.0509,509,0.0535,535,18150.10749794675,0.17617182399791095
2026-02-05 00:00:00,"STRK",77.35,72.25,77.5,71.4,-0.15625,-0.006374999999999997,-0.006374999999999997,1402074400,1012998754,42572806.75,14756523.578833334,0.08,0.11072664359861592,0.1757565771406602,0.44059315490275824,0.37579976813366106,"2026-03-15","2026-03-31",0.7686761154755822,0.7450607917630814,0.37065936697058355,0.5005913410861081,0.0414232,0.06930344359861593,693,0.0561,561,0.0546,546,18150.10749794675,0.14808304498269895
2026-02-04 00:00:00,"STRK",81.25,78.95,81.5,78,-0.06814780706803271,0.07737500000000004,0.07737500000000004,1402074400,1106937738.8,20983173.1,13780821.7005,0.08,0.10132995566814439,0.16084119947324504,0.3584626890585784,0.3659032945286333,"2026-03-15","2026-03-31",0.7319772905385568,0.7020510506473949,0.33271933145068344,0.4523633084482352,0.0429372,0.058392755668144385,584,0.0469,469,0.0544,544,18150.10749794675,0.1635085497150095
2026-02-03 00:00:00,"STRK",81.5,81.25,82.08,78.365,-0.06038374717832951,0.106125,0.106125,1402074400,1139185450,20233281.25,13568667.5305,0.08,0.09846153846153846,0.1562881562881563,0.3491918763949709,0.36551172353076966,"2026-03-15","2026-03-31",0.7141333509617968,0.6918056099369865,0.31547079506963466,0.4578835249676632,0.042927099999999996,0.055534438461538466,555,0.0453,453,0.0531,531,18150.10749794675,0.16401230769230768
2026-02-02 00:00:00,"STRK",81.82,81.1,82.975,80.75,-0.033720930232558205,0.10424999999999993,0.10424999999999993,1402074400,1137082338.3999999,16053258.399999999,13128268.199833333,0.08,0.09864364981504316,0.15657722192863993,0.34916309267374196,0.36624820281324655,"2026-03-15","2026-03-31",0.7250115573486784,0.6991290053272271,0.3264235471425109,0.47262196732600004,0.04301895,0.05562469981504316,556,0.0458,458,0.0528,528,18150.10749794675,0.17217016029593096
2026-01-30 00:00:00,"STRK",80.51,84.99,85.6,80.14,0.045552884615384516,0.15287499999999993,0.15287499999999993,1402074400,1191623032.56,18651990.39,13007587.739833334,0.08,0.09412872102600306,0.14941066829524294,0.3198100841660334,0.36391605646202846,"2026-03-15","2026-03-31",0.7165217042548776,0.6749965536688395,0.3509885668489002,0.47719707239602843,0.042865349999999997,0.05126337102600306,513,0.0424,424,0.0518,518,18161.98693041576,0.17615013531003648
2026-01-29 00:00:00,"STRK",84,81.82,84.41,78.53,-0.025348837209302404,0.11324999999999992,0.11324999999999992,1402074400,1147177274.08,24585764.52,12888238.251833336,0.08,0.09777560498655587,0.15519937299453312,0.29909300427656466,0.36260276767048333,"2026-03-15","2026-03-31",0.706977884342686,0.6858520195271959,0.36197004556604906,0.4840210814767879,0.0425464,0.05522920498655587,552,0.0461,461,0.0516,516,18161.98693041576,0.17500611097531166
2026-01-28 00:00:00,"STRK",85,84.15,85.55,84,-0.01767388825541616,0.14237500000000008,0.14237500000000008,1402074400,1179845607.6000001,6363423,12640723.134500002,0.08,0.09506833036244801,0.15090211168642542,0.28734824035274603,0.36222755466588624,"2026-03-15","2026-03-31",0.7014994263900005,0.6775037317243556,0.3590826023387747,0.477536453117702,0.04282715,0.05224118036244801,522,0.0439,439,0.0511,511,18161.98693041576,0.18829471182412355
2026-01-27 00:00:00,"STRK",84.48,84.8,85.1999,84.42,-0.021420518602029377,0.15049999999999997,0.15049999999999997,1402074400,1188959091.2,9451044.799999999,12901414.961166667,0.08,0.09433962264150944,0.1497454327643007,0.3466950997776432,0.36289038317364947,"2026-03-15","2026-03-31",0.7010969642111685,0.6758760202047096,0.3586871910662215,0.47709254071778684,0.04265075,0.05168887264150944,517,0.0435,435,0.0509,509,18161.98693041576,0.1905424528301887
2026-01-26 00:00:00,"STRK",85.52,84.475,85.52,84.3,-0.013968072976054829,0.14643749999999994,0.14643749999999994,1402074400,1184402349.3999999,9079626.424999999,13171221.846500002,0.08,0.09470257472625038,0.1503215471845244,0.3465502858500036,0.36362130850883484,"2026-03-15","2026-03-31",0.7077257043150426,0.6786329173842149,0.36205471498907593,0.4731829408316233,0.042434900000000005,0.05226767472625037,523,0.044,440,0.0507,507,18161.98693041576,0.19009174311926608
2026-01-23 00:00:00,"STRK",85.47,85.81,87.01,85.0001,-0.006674208144796418,0.16312500000000002,0.16312500000000002,1402074400,1203120042.64,12459097.14,13375728.330666667,0.08,0.09322922736277822,0.14798290057583843,0.3448059120212975,0.3640224616519243,"2026-03-15","2026-03-31",0.7076960515647359,0.6769313583537663,0.36931625621459707,0.4720463185003197,0.0426842,0.05054502736277822,505,0.0424,424,0.0508,508,18206.160782849453,0.19008274093928448
2026-01-22 00:00:00,"STRK",84.4,85.46,85.55,84.25,-0.005910434189588659,0.15874999999999992,0.15874999999999992,1402074400,1198212782.24,5977927,13393575.935333334,0.08,0.09361104610344022,0.14858896206895272,0.3490023163256181,0.3647596706678545,"2026-03-15","2026-03-31",0.7060613310783305,0.6759752072416157,0.36912667696451823,0.47302213669649207,0.0428697,0.05074134610344022,507,0.0426,426,0.051,510,18206.160782849453,0.18836882752164757
2026-01-21 00:00:00,"STRK",84.39,84.4,85.987,83.19,-0.022403258655804364,0.14550000000000007,0.14550000000000007,1402074400,1183350793.6000001,9968821.600000001,13612165.248666666,0.08,0.0947867298578199,0.15045512675844427,0.34722848959678587,0.3653000636004079,"2026-03-15","2026-03-31",0.7090013178840245,0.6795909872120975,0.3620755186657403,0.4639701692221774,0.042844,0.0519427298578199,519,0.0438,438,0.0509,509,18206.160782849453,0.19408767772511848
2026-01-20 00:00:00,"STRK",85.15,84.39,85.78,84.35,-0.023841807909604513,0.145375,0.145375,1402074400,1183210586.16,15939751.98,13791349.995333333,0.08,0.09479796184382036,0.15047295530765137,0.3518904265155245,0.3660699035603278,"2026-03-15","2026-03-31",0.7119322473200802,0.6813086203926894,0.36452071977488726,0.466606628965618,0.043244,0.05155396184382036,516,0.0434,434,0.0514,514,18206.160782849453,0.1898684678279417
2026-01-16 00:00:00,"STRK",87.6,86.59,87.6,85.07,0.008940265360742515,0.17287500000000006,0.17287500000000006,1398194800,1210696877.32,13076821.8,13480710.58533333,0.08,0.09238942141124841,0.14664987525594986,0.358893180964172,0.3658761797883307,"2026-03-15","2026-03-31",0.7050821558169943,0.6736948443018784,0.3378366134726346,0.44491863962370726,0.04271565,0.04967377141124841,497,0.0421,421,0.0503,503,18366.176954073988,0.2006120799168495
2026-01-15 00:00:00,"STRK",88.47,87.38,88.47,86.23,-0.004288976772684288,0.18274999999999994,0.18274999999999994,1398194800,1221742616.24,12310968.2,13414682.400333332,0.08,0.09155413138017854,0.14532401806377546,0.35868502475242864,0.36653003079999075,"2026-03-15","2026-03-31",0.709630698176904,0.6745972163869826,0.33764651471366536,0.4444044664198438,0.0420627,0.04949143138017854,495,0.0419,419,0.0497,497,18366.176954073988,0.19559395742732893
2026-01-14 00:00:00,"STRK",88,88,88.75,87.4,-0.002106663709945645,0.1905,0.1905,1398194800,1230411424,14312672,13626236.345999997,0.08,0.09090909090909091,0.1443001443001443,0.35849905290948325,0.36723589670884904,"2026-03-15","2026-03-31",0.7084418775880188,0.6698969580833726,0.3395922881891228,0.4391776102856322,0.0419,0.04900909090909091,490,0.0416,416,0.0493,493,18366.176954073988,0.20378409090909094
2026-01-13 00:00:00,"STRK",85.99,87.67,87.85,85.5101,-0.028599285017874558,0.186375,0.186375,1398194800,1225797381.16,11865082.46,13977492.747333335,0.08,0.09125128322117029,0.14484330670027032,0.3644451966524497,0.36800410023598884,"2026-03-15","2026-03-31",0.7107689438813815,0.6696608167506415,0.3393626188094649,0.4247302870813582,0.042193249999999995,0.0490580332211703,491,0.0415,415,0.0498,498,18366.176954073988,0.19731949355537812
2026-01-12 00:00:00,"STRK",85.56,85.68,86.5962,84.5,-0.047267195479734805,0.1615000000000001,0.1615000000000001,1398194800,1197973304.64,20897094.96,14515789.510666668,0.08,0.09337068160597571,0.14820743112059637,0.3803218838727285,0.36802619377704404,"2026-03-15","2026-03-31",0.7051541815394977,0.6638511992288514,0.3452858543895098,0.4224969470604914,0.0422072,0.05116348160597571,512,0.0432,432,0.0502,502,18366.176954073988,0.189344070961718
2026-01-09 00:00:00,"STRK",87,86.14,87.3799,85.5101,-0.06303816307005414,0.16725,0.16725,1398194800,1204405000.72,11232569.86,14433684.112000002,0.08,0.09287206872533085,0.14741598210369977,0.4152994827936213,0.36877847072615033,"2026-03-15","2026-03-31",0.7118818849684586,0.664908706468692,0.34322756907735863,0.4216859837192879,0.042126399999999994,0.05074566872533086,507,0.0424,424,0.0504,504,18572.52260742702,0.1826445321569538
2026-01-08 00:00:00,"STRK",84.5,86.76,87.26,84.4169,-0.06930900702526999,0.17500000000000007,0.17500000000000007,1398194800,1213073808.48,10064333.520000001,14575819.965,0.08,0.09220839096357768,0.14636252533901217,0.43560744502870463,0.3695010441859357,"2026-03-15","2026-03-31",0.7088101686432638,0.6656683918622731,0.34951608160506814,0.4329475875718307,0.042263,0.049945390963577675,499,0.0417,417,0.0505,505,18572.52260742702,0.19245043798985706
2026-01-07 00:00:00,"STRK",83.01,84.69,86.5,83.01,-0.0988565488565489,0.14912499999999998,0.14912499999999998,1398194800,1184131176.12,11232858.15,15068847.411000004,0.08,0.09446215609871296,0.14993993031541739,0.4313106572385091,0.3694435655812586,"2026-03-15","2026-03-31",0.701611458094144,0.6647575524254024,0.35255487935106244,0.4401518355703031,0.0417814,0.05268075609871296,527,0.0445,445,0.05,500,18572.52260742702,0.191085134018184
2026-01-06 00:00:00,"STRK",86.01,82.75,87,82.52,-0.14342025469981806,0.124875,0.124875,1398194800,1157006197,10379001.5,15490090.019333337,0.08,0.09667673716012085,0.15345513834939817,0.4356162030804337,0.3694472745023206,"2026-03-15","2026-03-31",0.6982335631448251,0.6788344631760258,0.3662237297663598,0.45111028063882747,0.0420006,0.05467613716012085,547,0.0467,467,0.05,500,18572.52260742702,0.19090030211480363
2026-01-05 00:00:00,"STRK",84.59,85.49,87,84.59,-0.11501112684604496,0.15912499999999993,0.15912499999999993,1398194800,1195316734.52,16558900.059999999,16083286.98266667,0.08,0.0935781962802667,0.14853681949248682,0.4226006523951761,0.3686683938485037,"2026-03-15","2026-03-31",0.6951662481962045,0.6782027505843403,0.38417004827914863,0.4738031267478467,0.042019600000000004,0.0515585962802667,516,0.0437,437,0.0499,499,18572.52260742702,0.19267750614106913
2026-01-02 00:00:00,"STRK",81.66,83.44,83.92,80.7097,-0.12044471896232245,0.13349999999999998,0.13349999999999998,1398194800,1166653741.12,15894318.719999999,16869624.006500002,0.08,0.09587727708533078,0.15218615410369965,0.41992230321414176,0.36859259286729934,"2026-03-15","2026-03-31",0.6886716429621393,0.6707501601188676,0.3772433976587563,0.47221413149029184,0.0421278,0.05374947708533078,537,0.0453,453,0.0505,505,18704.06691449814,0.1883509108341323
2025-12-31 00:00:00,"STRK",82,78.76,82,78.53,-0.11930207197382767,0.07500000000000007,0.07500000000000007,1398194800,1101218224.48,26767058.560000002,17110360.339166667,0.08,0.1015744032503809,0.1612292115085411,0.42139937263750304,0.3642913504850809,"2026-03-15","2026-03-31",0.6900865664618504,0.6717067834584564,0.3921898887334671,0.4280348189647935,0.041832999999999995,0.05974140325038091,597,0.0509,509,0.0506,506,18704.06691449814,0.19292788217369222
2025-12-30 00:00:00,"STRK",81.5,81.27,82.48,81.2,-0.09193020719738285,0.10637499999999996,0.10637499999999996,1398194800,1136312913.96,12068757.54,17247847.37216667,0.08,0.09843730773963333,0.1562496948248148,0.41381167846462263,0.36360807910052695,"2025-12-15","2025-12-31",0.6955564118827611,0.6816941482858326,0.3846838338690179,0.42602782825771324,0.04153735,0.05689995773963333,569,0.0482,482,0.0502,502,18704.150353087076,0.19147286821705428
2025-12-29 00:00:00,"STRK",82,81.64,82,81.01,-0.07885462555066076,0.11100000000000002,0.11100000000000002,1398194800,1141486234.72,13418187.12,18158161.138833333,0.08,0.09799118079372857,0.15554155681544216,0.4219584967806821,0.3643927723032896,"2025-12-15","2025-12-31",0.6919541241356941,0.6808675659767898,0.3852399318667102,0.42818601630010356,0.0413564,0.056634780793728565,566,0.0478,478,0.0502,502,18704.150353087076,0.19033561979421848
2025-12-26 00:00:00,"STRK",83,82.23,83,81.17,-0.04316710212427578,0.11837500000000005,0.11837500000000005,1398194800,1149735584.04,10984447.860000001,18925699.22616667,0.08,0.09728809436945153,0.15442554661817703,0.42236109730583776,0.365135137566291,"2025-12-15","2025-12-31",0.691679226532597,0.6805959814856779,0.3842701664579874,0.426787439437394,0.04157755,0.05571054436945153,557,0.0469,469,0.0504,504,18732.737893062087,0.1931290283351575
2025-12-24 00:00:00,"STRK",82.33,82.55,82.75,82.1501,-0.09086021505376347,0.12237499999999997,0.12237499999999997,1398194800,1154209807.3999999,2516289.1,19238243.68916667,0.08,0.09691096305269534,0.15382692548046878,0.4397635337119284,0.3659382182206703,"2025-12-15","2025-12-31",0.6850584460076768,0.6769922198720766,0.38558099013184216,0.4275311552175557,0.0416824,0.055228563052695336,552,0.0464,464,0.0505,505,18732.737893062087,0.19225923682616597
2025-12-23 00:00:00,"STRK",82.5,82.95,82.98,81.14,-0.09867374005305037,0.12737500000000004,0.12737500000000004,1398194800,1159802586.6000001,16796379.6,19505060.689833336,0.08,0.0964436407474382,0.1530851440435527,0.4437042505355554,0.3667339555414632,"2025-12-15","2025-12-31",0.6977803975220066,0.6802619174972167,0.39554100702371214,0.4194121569125424,0.0420015,0.05444214074743821,544,0.0455,455,0.0509,509,18732.737893062087,0.1903315250150693
2025-12-22 00:00:00,"STRK",83.2,82.97,83.2257,82.3001,-0.09128923139773773,0.127625,0.127625,1398194800,1160082225.56,13301750.4,19579985.479166668,0.08,0.09642039291310112,0.1530482427192081,0.44753987091224007,0.3675702577330414,"2025-12-15","2025-12-31",0.6975957911762405,0.6787063887791261,0.39534585211371764,0.41239692097374525,0.0419077,0.05451269291310112,545,0.0458,458,0.0506,506,18732.737893062087,0.1980474870435097
2025-12-19 00:00:00,"STRK",83.06,82.6,83.8,82.0201,-0.09884959522795059,0.12299999999999993,0.12299999999999993,1398194800,1154908904.8,14618547.999999998,20249728.489166666,0.08,0.09685230024213076,0.15373380990814406,0.4471069509841372,0.36837960276867726,"2025-12-15","2025-12-31",0.6972897618555507,0.6781199401426916,0.39589953468393235,0.41385765563455623,0.0417881,0.05506420024213076,551,0.0456,456,0.0513,513,19849.817807492687,0.1995399515738499
2025-12-18 00:00:00,"STRK",83.1,82.49,83.8,82.11,-0.09963768115942037,0.12162499999999994,0.12162499999999994,1398194800,1153370890.52,7021301.329999999,20353011.281833332,0.08,0.09698145229724815,0.15393881317023517,0.44833016995882236,0.3692241437276977,"2025-12-15","2025-12-31",0.7046452500422367,0.6898551630799458,0.39503344842934635,0.4155707315035217,0.0413904,0.05559105229724815,556,0.046,460,0.051,510,19849.817807492687,0.19182931264395686
2025-12-17 00:00:00,"STRK",83.4,82.9,84.7,82,-0.06979292209926581,0.12675000000000008,0.12675000000000008,1398194800,1159103489.2,12432844.600000001,20805133.237499997,0.08,0.09650180940892641,0.15317747525226416,0.4486443884811489,0.3700407131538673,"2025-12-15","2025-12-31",0.7042912290867348,0.6799404386774333,0.39640176302778823,0.41000412665411334,0.04180435,0.05469745940892642,547,0.045,450,0.0515,515,19849.817807492687,0.19346200241254521
2025-12-16 00:00:00,"STRK",82.67,82.75,83.6692,81.2,-0.08654882517784006,0.124875,0.124875,1398194800,1157006197,15071505.75,21058877.271833334,0.08,0.09667673716012085,0.15345513834939817,0.4506983816456549,0.3708945163984311,"2025-12-15","2025-12-31",0.7094474455024835,0.6807094402184104,0.3953985759994236,0.39935824877980813,0.04169765,0.05497908716012084,550,0.0453,453,0.0514,514,19849.817807492687,0.202416918429003
2025-12-15 00:00:00,"STRK",85.8,82.25,86,81.71,-0.09115426105717371,0.11862500000000001,0.11862500000000001,1398194800,1150015223,17160311,21268276.613499995,0.08,0.0972644376899696,0.1543879963332851,0.4531162189530768,0.3716996420066025,"2025-12-15","2025-12-31",0.70959704706122,0.6787397731056735,0.3973879063121812,0.39813139798329583,0.041974899999999996,0.05528953768996961,553,0.0455,455,0.0518,518,19849.817807492687,0.19705775075987844
2025-12-12 00:00:00,"STRK",87.62,87.8,88.27,86.8,-0.06116048092002099,0.16299999999999998,0.16299999999999998,1397491200,1226997273.6,14184177.799999999,21474053.113499995,0.08,0.09111617312072894,0.14462884622337926,0.4201274227486881,0.3657341447504623,"2025-12-15","2025-12-31",0.696722451088828,0.6660844157563487,0.3960290264652293,0.4064157891008604,0.0423026,0.04881357312072893,488,0.0395,395,0.0516,516,20131.652800988155,0.20096810933940773
2025-12-11 00:00:00,"STRK",86.13,88.27,88.27,86.13,-0.04546896478798771,0.16887499999999994,0.16887499999999994,1397491200,1233565482.24,17545251.36,21859017.000166662,0.08,0.09063101846607001,0.14385875946995239,0.43030016167736096,0.3665462139281826,"2025-12-15","2025-12-31",0.7060121229915961,0.6692053794945494,0.3882951967046051,0.38382691074300485,0.041816,0.04881501846607001,488,0.0398,398,0.0508,508,20131.652800988155,0.20765832106038293
2025-12-10 00:00:00,"STRK",86.89,87.59,88,86.1,-0.062375719518576594,0.16037500000000005,0.16037500000000005,1397491200,1224062542.0800002,15214820.950000001,21825283.354833327,0.08,0.09133462724055257,0.14497559879452787,0.4421110671781979,0.3673210773134286,"2025-12-15","2025-12-31",0.7046587356308522,0.669817009912468,0.3862524647037426,0.3809940096780372,0.041690000000000005,0.04964462724055256,496,0.0403,403,0.051,510,20131.652800988155,0.2108003196711953
2025-12-09 00:00:00,"STRK",85.6,86.02,87.47,85.23,-0.07542016806722696,0.14074999999999996,0.14074999999999996,1397491200,1202121930.24,12994525.28,21735101.076499995,0.08,0.09300162752848175,0.14762163099759007,0.4426674497553612,0.36766827102694516,"2025-12-15","2025-12-31",0.7129179345885763,0.6757161501634525,0.38081545330373723,0.3709374760523915,0.042109999999999995,0.05089162752848175,509,0.0419,419,0.0511,511,20131.652800988155,0.21970471983259707
2025-12-08 00:00:00,"STRK",85.67,85.6,85.95,84,-0.06310160427807493,0.13549999999999993,0.13549999999999993,1397491200,1196252467.1999998,12535606.399999999,21960402.857166663,0.08,0.09345794392523366,0.14834594273846613,0.4434175902369613,0.3685086927457211,"2025-12-15","2025-12-31",0.7091040000809629,0.6772025465353729,0.3838277567415047,0.3740770367199586,0.042004,0.051453943925233656,515,0.0421,421,0.0514,514,20131.652800988155,0.2145911214953271
2025-12-05 00:00:00,"STRK",86.96,84,86.96,83.305,-0.09568874868559406,0.1155,0.1155,1397491200,1173892608,15344364,22010314.800499994,0.08,0.09523809523809523,0.1511715797430083,0.4408946061903883,0.3688098510352755,"2025-12-15","2025-12-31",0.7215880895462077,0.6789948583121441,0.42909629729403004,0.37645198753084946,0.04164375,0.05359434523809523,536,0.044,440,0.0512,512,20455.80846153846,0.21308333333333335
2025-12-04 00:00:00,"STRK",86.15,86.98,86.99,85.65,-0.06139240506329107,0.15275000000000005,0.15275000000000005,1397491200,1215537845.76,6620569.680000001,21988250.813833334,0.08,0.09197516670498965,0.14599232810315818,0.42955125204167094,0.3676874811052282,"2025-12-15","2025-12-31",0.7039686312043546,0.6403193527996721,0.3931293584216218,0.3926728084261283,0.041464,0.050511166704989646,505,0.0412,412,0.0508,508,20455.80846153846,0.21385375948493907
2025-12-03 00:00:00,"STRK",85.76,86.25,86.75,85.5,-0.07007376185458383,0.143625,0.143625,1397491200,1205336160,11095976.25,22176953.693833336,0.08,0.0927536231884058,0.14722797331492984,0.428996606023731,0.3684640988581205,"2025-12-15","2025-12-31",0.6990126016397277,0.6391489710814474,0.3946037313988383,0.4024640679479259,0.04094505,0.0518085731884058,518,0.0427,427,0.05,500,20455.80846153846,0.21842318840579708
2025-12-02 00:00:00,"STRK",84.31,85.61,87.03,84.31,-0.06837515950659301,0.135625,0.135625,1397491200,1196392216.32,18657586.57,22494551.648833334,0.08,0.09344702721644668,0.14832861462928046,0.4284060424384763,0.3692712410044049,"2025-12-15","2025-12-31",0.6854459619619266,0.6293293868354785,0.3814485375841257,0.4083015824311611,0.041208749999999995,0.05223827721644669,522,0.0431,431,0.0503,503,20455.80846153846,0.21180936806447845
2025-12-01 00:00:00,"STRK",85.09,83.64,85.98,81,-0.0918345705196182,0.11100000000000002,0.11100000000000002,1397491200,1168861639.68,24850364.04,22528296.1465,0.08,0.09564801530368244,0.15182224651378165,0.4218948454304475,0.3692698955809005,"2025-12-15","2025-12-31",0.6676473314232928,0.603355898855181,0.3795810959185665,0.3989453964463281,0.04113075,0.05451726530368244,545,0.0444,444,0.0512,512,20455.80846153846,0.20494978479196554
2025-11-28 00:00:00,"STRK",83.1,87.24,87.57,83,-0.0650602409638555,0.15599999999999994,0.15599999999999994,1397490000,1219170276,28013985.36,22521583.863166668,0.08,0.09170105456212747,0.1455572294636944,0.4048399462845154,0.36718182995344656,"2025-12-15","2025-12-31",0.666621426917675,0.5873225926984144,0.3616550295073824,0.37773087653179843,0.04057375,0.051127304562127475,511,0.0403,403,0.0514,514,22594.230384538445,0.2030949105914718
2025-11-26 00:00:00,"STRK",78.65,82.46,82.82,78.65,-0.1169890224777837,0.09624999999999992,0.09624999999999992,1397490000,1152370254,18433933,22327573.67133333,0.08,0.09701673538685424,0.1539948180743718,0.3662507623994683,0.3626712499271929,"2025-12-15","2025-12-31",0.6724549106079726,0.5892110023162067,0.3573844181091815,0.38460957828877257,0.0401792,0.05683753538685424,568,0.046,460,0.051,510,22594.230384538445,0.21300024254183847
2025-11-25 00:00:00,"STRK",79.3,78.65,79.846,78.39,-0.14881266490765166,0.04862500000000007,0.04862500000000007,1397490000,1099125885,15496645.450000001,22191080.9335,0.08,0.10171646535282898,0.16145470690925234,0.33791554010035596,0.35965292303859514,"2025-12-15","2025-12-31",0.6744447102870427,0.5779629318946263,0.34709877998705163,0.3672252532248841,0.0401264,0.06159006535282898,616,0.0499,499,0.0518,518,22594.230384538445,0.21893197711379528
2025-11-24 00:00:00,"STRK",78.49,78.9,79.62,76.26,-0.16165803108808285,0.051750000000000074,0.051750000000000074,1397490000,1102619610,24855156.900000002,22445740.775166664,0.08,0.10139416983523447,0.1609431267225944,0.33788926980683365,0.3605370428340536,"2025-12-15","2025-12-31",0.6685273793873312,0.5590935110319615,0.34767120811104535,0.3663062096045345,0.0404352,0.060958969835234474,610,0.0496,496,0.0518,518,22594.230384538445,0.2269201520912547
2025-11-21 00:00:00,"STRK",74.41,76.45,77.5,74.3,-0.18102098340119013,0.02112500000000004,0.02112500000000004,1397490000,1068381105,23870136.400000002,22340096.693166666,0.08,0.10464355788096795,0.16610088552534594,0.3234095990425286,0.3596467563802078,"2025-12-15","2025-12-31",0.6572354020810239,0.5388702631182585,0.32209829368696774,0.3547663077603738,0.0404328,0.06421075788096794,642,0.0519,519,0.0527,527,22594.230384538445,0.22302158273381295
2025-11-20 00:00:00,"STRK",76.39,75.6,77.975,74.61,-0.19334719334719344,0.010499999999999931,0.010499999999999931,1397490000,1056502439.9999999,28174910.4,22329248.11683333,0.08,0.10582010582010583,0.1679684219366759,0.320278633047526,0.3603114439429752,"2025-12-15","2025-12-31",0.6738654380077683,0.550006903558631,0.3144500035868833,0.34958999657991646,0.040748,0.06507210582010584,651,0.0531,531,0.0527,527,22594.230384538445,0.23429894179894178
2025-11-19 00:00:00,"STRK",80.55,76.325,80.56,73.082,-0.19360650674353952,0.019562500000000038,0.019562500000000038,1397490000,1066634242.5,40149010.775,21821972.349499997,0.08,0.10481493612839829,0.1663729144895211,0.3233048011155105,0.36108127949464625,"2025-12-15","2025-12-31",0.6715236511896471,0.5492013833314784,0.32395622955924025,0.3609397236021962,0.0411236,0.06369133612839828,637,0.053,530,0.0518,518,22594.230384538445,0.24434981984932852
2025-11-18 00:00:00,"STRK",78.54,80.78,82,78.5001,-0.17982760328940856,0.07525000000000001,0.07525000000000001,1397490000,1128892422,23116408.7,20906536.21233333,0.08,0.09903441445902451,0.1571974832682929,0.28681634275844037,0.3563174428374264,"2025-12-15","2025-12-31",0.646453477467823,0.5349851893914067,0.3524809207163835,0.347156651226559,0.0413085,0.057725914459024516,577,0.0468,468,0.0522,522,22594.230384538445,0.2560039613765784
2025-11-17 00:00:00,"STRK",81.69,79.45,82.32,78.55,-0.20837787928856058,0.05862500000000004,0.05862500000000004,1397490000,1110305805,30891669.55,20677678.628999993,0.08,0.10069225928256764,0.1598289829882026,0.27866984577680187,0.3567142141542567,"2025-12-15","2025-12-31",0.6387948903112346,0.5239121385329821,0.37030550621344177,0.3417227432375669,0.041354,0.05933825928256764,593,0.0482,482,0.0525,525,22594.230384538445,0.2459660163624921
2025-11-14 00:00:00,"STRK",79.99,81.67,81.69,78.5,-0.19933014354066983,0.08637500000000002,0.08637500000000002,1396940000,1140880898,39378170.54,20489882.942666665,0.08,0.09795518550263255,0.15548442143275007,0.27902961714582164,0.3562755191799688,"2025-12-15","2025-12-31",0.6044769674199956,0.4974593082261477,0.3504910246126182,0.3319874018314893,0.041538,0.05641718550263255,564,0.0463,463,0.0516,516,22666.018120843022,0.24458185380188563
2025-11-13 00:00:00,"STRK",85.5,80.86,86.7,80.31,-0.22560747663551403,0.07625,0.07625,1396940000,1129565684,36444329.74,19674114.66466666,0.08,0.09893643334157803,0.1570419576850445,0.27541380593446396,0.3570080712639719,"2025-12-15","2025-12-31",0.5961968286614778,0.48291979345963915,0.3575797430352161,0.34076621035086363,0.0412062,0.057730233341578036,577,0.0478,478,0.0511,511,22666.018120843022,0.25790254761315856
2025-11-12 00:00:00,"STRK",86.25,84.25,86.85,83.1201,-0.2013888888888889,0.11862500000000001,0.11862500000000001,1396940000,1176921950,20360781.75,18983837.00733333,0.08,0.09495548961424333,0.15072299938768782,0.26399149863183274,0.35485000562519586,"2025-12-15","2025-12-31",0.5819031584845199,0.47026237207907906,0.3227165995747886,0.31292845007290004,0.0410301,0.05392538961424333,539,0.0454,454,0.0495,495,21267.81228377477,0.2665994065281899
2025-11-11 00:00:00,"STRK",87.88,86.04,87.88,85.71,-0.1935513419437574,0.14100000000000007,0.14100000000000007,1396940000,1201927176,10520799.120000001,18831957.181333326,0.08,0.09298000929800092,0.1475873163460332,0.2790909108650341,0.3549546264261499,"2025-12-15","2025-12-31",0.5839360850666252,0.4736509428420601,0.3280952220642498,0.31896463149652443,0.0415929,0.051387109298000916,514,0.0431,431,0.0499,499,21267.81228377477,0.2688865643886564
2025-11-10 00:00:00,"STRK",88.5,87.88,88.785,87,-0.1754128440366973,0.16399999999999995,0.16399999999999995,1396940000,1227630872,19044123.279999997,19303870.953999996,0.08,0.09103322712790168,0.14449718591730426,0.2870834797772662,0.3550408123661075,"2025-12-15","2025-12-31",0.5796997121759117,0.4671467948704406,0.3259589983443727,0.32506005285363565,0.041656700000000005,0.04937652712790168,494,0.0414,414,0.0497,497,21267.81228377477,0.2718252162039144
2025-11-07 00:00:00,"STRK",86.81,88.1,88.4401,83.75,-0.17641681901279718,0.16674999999999993,0.16674999999999993,1391850000,1226219850,33394040.7,19201163.92466666,0.08,0.09080590238365495,0.1441363529899285,0.28899008979176594,0.35596511574586026,"2025-12-15","2025-12-31",0.5774266235876299,0.4661324111228942,0.3258723895914342,0.3226213222645812,0.0414717,0.04933420238365495,493,0.0409,409,0.0499,499,21209.29343969557,0.2746083995459705
2025-11-06 00:00:00,"STRK",88.12,87.27,88.23,87.02,-0.15822725129655824,0.15637499999999996,0.15637499999999996,1391850000,1214667495,17717031.779999997,19513008.990999997,0.08,0.09166953133952103,0.14550719260241435,0.3026666103867845,0.3567489341888134,"2025-12-15","2025-12-31",0.574013955150653,0.4564867280774109,0.3361974583507172,0.32865476691261714,0.0414364,0.05023313133952104,502,0.0418,418,0.0498,498,21209.29343969557,0.27180016042167987
2025-11-05 00:00:00,"STRK",87.78,88,88.1,87.1539,-0.1524625670967134,0.1655,0.1655,1391850000,1224828000,20584960,20045366.032999996,0.08,0.09090909090909091,0.1443001443001443,0.3097867560745357,0.35756486864426373,"2025-12-15","2025-12-31",0.5784844750734947,0.4601564151088281,0.33950374339460204,0.3337987682631086,0.04205625,0.04885284090909091,489,0.0407,407,0.0503,503,21209.29343969557,0.2897727272727273
2025-11-04 00:00:00,"STRK",87.2,86.87,88,86.87,-0.16765008897630412,0.15137500000000007,0.15137500000000007,1391850000,1209100095,20045165.630000003,19814069.899666663,0.08,0.09209163117301715,0.14617719233812246,0.31915625499276123,0.3582175642817248,"2025-12-15","2025-12-31",0.5891789522017424,0.46221337281924985,0.33651084873830184,0.29838559950137494,0.04131635,0.05077528117301715,508,0.0424,424,0.0497,497,21209.29343969557,0.2843213997927938
2025-11-03 00:00:00,"STRK",86.55,88.6,88.7445,84,-0.14528301886792458,0.17299999999999993,0.17299999999999993,1391850000,1233179100,21353486,19789559.237,0.08,0.09029345372460497,0.1433229424200079,0.31657916331218694,0.35843165831367196,"2025-12-15","2025-12-31",0.5579462912377811,0.38593381943018956,0.2952715098892914,0.266715218647485,0.041672400000000005,0.048621053724604964,486,0.0407,407,0.0496,496,21209.29343969557,0.29872460496613995
2025-10-31 00:00:00,"STRK",85.5,86,86.81,85.49,-0.20870425321463892,0.1405,0.1405,1386910000,1192742600,23333606,19569443.911613334,0.08,0.09302325581395349,0.14765596160944996,0.30301207239840444,0.3577292685172916,"2025-12-15","2025-12-31",0.5691548099009571,0.4114224445187694,0.2973700322362294,0.2709764311434109,0.04138,0.05164325581395349,516,0.0441,441,0.0489,489,21202.86419645198,0.31338372093023253
2025-10-30 00:00:00,"STRK",86.31,83.2,86.695,83.2,-0.1852347709668164,0.10550000000000004,0.10550000000000004,1386910000,1153909120,25733094.400000002,19241129.45028,0.08,0.09615384615384615,0.1526251526251526,0.282392976430492,0.3565960425040788,"2025-12-15","2025-12-31",0.5567016642041547,0.39720345006673813,0.2971163999702909,0.2920843684480962,0.0412755,0.054878346153846146,549,0.0473,473,0.0489,489,21202.86419645198,0.30597355769230766
2025-10-29 00:00:00,"STRK",87.7,86,88,85.88,-0.17741633950271082,0.1405,0.1405,1386910000,1192742600,16533242,18889354.300946668,0.08,0.09302325581395349,0.14765596160944996,0.26842369848380726,0.35544688254262113,"2025-12-15","2025-12-31",0.5465522922199213,0.3846837951676869,0.2760931155588202,0.2664664838762128,0.041065000000000004,0.05195825581395348,520,0.0445,445,0.0486,486,21209.551066778193,0.3201860465116279
2025-10-28 00:00:00,"STRK",89.4,87.7,89.5,87.04,-0.13749999999999998,0.16175000000000003,0.16175000000000003,1386910000,1216320070,12509352.6,18939502.570946667,0.08,0.09122006841505131,0.14479375938897035,0.2782283101670002,0.35566724032646985,"2025-12-15","2025-12-31",0.5443902298781894,0.38048599988122067,0.2785914075863598,0.26188408219975046,0.0402388,0.050981268415051316,510,0.0437,437,0.0475,475,21209.551066778193,0.32456100342075256
2025-10-27 00:00:00,"STRK",89.13,88.7,89.444,87.18,-0.15940685820203895,0.17425000000000004,0.17425000000000004,1386910000,1230189170,19753578.7,18937999.176280003,0.08,0.09019165727170236,0.1431613607487339,0.2802565963779643,0.3563911161874171,"2025-12-15","2025-12-31",0.5428543578102435,0.3785712621256811,0.27989921190242617,0.2598863411420381,0.040475199999999996,0.04971645727170237,497,0.0425,425,0.0477,477,21209.551066778193,0.3332919954904171
2025-10-24 00:00:00,"STRK",88.75,87.7,88.79,87.7,-0.1947935368043088,0.16175000000000003,0.16175000000000003,1367770000,1199534290,14032964.700000001,18944567.08294667,0.08,0.09122006841505131,0.14479375938897035,0.27760952994154514,0.35714215989135667,"2025-12-15","2025-12-31",0.5388226460700827,0.37589290056175034,0.2776082247643898,0.2555269789927344,0.04054485,0.050675218415051314,507,0.0433,433,0.0479,479,21165.160879300707,0.3296237172177879
2025-10-23 00:00:00,"STRK",88.25,88.4,88.4,87.5901,-0.20868347338935567,0.17050000000000007,0.17050000000000007,1367770000,1209108680,14682444.4,19567744.044613335,0.08,0.09049773755656108,0.14364720247073187,0.2904421538012696,0.35801192244537616,"2025-12-15","2025-12-31",0.5395300924500295,0.37478368901216247,0.28180821178990234,0.26033869144172955,0.0404705,0.050027237556561084,500,0.0425,425,0.048,480,21165.160879300707,0.3223076923076923
2025-10-22 00:00:00,"STRK",88.5,87.98,88.6999,87.59,-0.2139081815402088,0.16525000000000006,0.16525000000000006,1367770000,1203364046,12281656.08,19623276.24694667,0.08,0.09092975676290066,0.14433294724269946,0.2926125276610747,0.3589811463011927,"2025-12-15","2025-12-31",0.5395306193735087,0.37270280960517266,0.28138716315967444,0.261003195951611,0.04005625,0.05087350676290066,509,0.0432,432,0.0478,478,21165.160879300707,0.31917481245737667
2025-10-21 00:00:00,"STRK",89,88.38,89.9999,88.35,-0.23139722765541293,0.17024999999999996,0.17024999999999996,1367770000,1208835126,20623914.9,19912310.435946662,0.08,0.09051821679112922,0.1436797091922686,0.29346937529423006,0.3599542903828357,"2025-12-15","2025-12-31",0.549200472932961,0.3744033481259558,0.2815104148540132,0.26297478389510326,0.040170500000000005,0.05034771679112921,503,0.0426,426,0.0479,479,21165.160879300707,0.3416044353926228
2025-10-20 00:00:00,"STRK",89.65,88.5,90.715,88.26,-0.23415418464923415,0.17175,0.17175,1367770000,1210476450,19669921.5,19762688.525946666,0.08,0.0903954802259887,0.1434848892476011,0.29404835301538124,0.36097610658107204,"2025-12-15","2025-12-31",0.5506647214854541,0.37099117984614566,0.26969374159874826,0.2536860940497979,0.0403799,0.0500155802259887,500,0.0424,424,0.048,480,21165.160879300707,0.3351525423728814
2025-10-17 00:00:00,"STRK",86.89,87.62,87.8,86,-0.2615967702068056,0.16075000000000006,0.16075000000000006,1362270000,1193620974,24648995.540000003,19684277.892613333,0.08,0.09130335539831089,0.1449259609496998,0.2980455834913598,0.36182111812259765,"2025-12-15","2025-12-31",0.549289066295313,0.36878293105194326,0.26382011849065334,0.24954080549094246,0.040548,0.050755355398310886,508,0.043,430,0.0483,483,21146.47403358063,0.33082629536635466
2025-10-16 00:00:00,"STRK",90.5,87.805,91.0565,87.44,-0.24780132339391903,0.16306250000000008,0.16306250000000008,1362270000,1196141173.5,22193679.605,19390941.057946667,0.08,0.09111098456807698,0.14462061042551902,0.3011887698455197,0.3628545688362634,"2025-12-15","2025-12-31",0.550943673337612,0.3696507800009714,0.2642956170444951,0.2499466528523526,0.040262849999999996,0.050848134568076984,508,0.0432,432,0.0479,479,21146.47403358063,0.3232617732475371
2025-10-15 00:00:00,"STRK",91.4,89.765,92.5,89.2,-0.22743727900319918,0.18756250000000002,0.18756250000000002,1362270000,1222841665.5,14339150.865,18988740.857779995,0.08,0.08912159527655544,0.1414628496453261,0.2957542715231954,0.36290047515707574,"2025-12-15","2025-12-31",0.5455629401218189,0.3599966084976307,0.2522073636904046,0.23577571429702318,0.04093365,0.04818794527655544,482,0.0408,408,0.0483,483,21146.47403358063,0.3305965576783824
2025-10-14 00:00:00,"STRK",91.66,90.19,91.66,90.1501,-0.22222222222222224,0.19287499999999996,0.19287499999999996,1362270000,1228631313,23136440.7,19162222.865613334,0.08,0.08870162989244927,0.14079623792452264,0.29563475079420326,0.36390777798819796,"2025-12-15","2025-12-31",0.5520925209540154,0.37169068018760965,0.2514380129775393,0.2421918938773394,0.040748400000000004,0.04795322989244927,480,0.0407,407,0.048,480,21146.47403358063,0.33337398824703407
2025-10-13 00:00:00,"STRK",92.89,92.31,93.8,91.72,-0.23012244897959183,0.21937500000000004,0.21937500000000004,1362270000,1257511437,21685834.44,18944800.331613336,0.08,0.08666450005416532,0.1375626984986751,0.2898010395902414,0.3638365125735085,"2025-12-15","2025-12-31",0.5466523833901207,0.37412387183752865,0.267555914395508,0.23292483338237216,0.0410191,0.045645400054165314,456,0.0384,384,0.0482,482,21146.47403358063,0.34175062290109415
2025-10-10 00:00:00,"STRK",94.21,92.03,94.25,91.11,-0.25224652087475147,0.21587500000000004,0.21587500000000004,1360590000,1252150977,23544679.11,18978825.56028,0.08,0.0869281755949147,0.1379812311030392,0.2896427540571471,0.36489823190743054,,"2025-12-31",0.5485914130396362,0.396448280781457,0.2857171075987569,0.2221517930517576,0.0410075,0.045920675594914695,459,0.0386,386,0.0483,483,21124.41428618301,0.33118548299467565
2025-10-09 00:00:00,"STRK",95.04,94.07,95.15,94.07,-0.22835341365461853,0.24137499999999995,0.24137499999999995,1360590000,1279907013,12956637.379999999,18658309.90328,0.08,0.08504305304560435,0.13498897308826086,0.2846182144844016,0.364945001442913,,"2025-12-31",0.5364769257932247,0.3817358149424386,0.2750855754655425,0.20892789765933786,0.0419829,0.04306015304560435,431,0.0365,365,0.0486,486,21124.41428618301,0.34048049324970775
2025-10-08 00:00:00,"STRK",96.5,95.37,97.9999,95,-0.20837398373983737,0.2576250000000001,0.2576250000000001,1360590000,1297594683,12685926.66,18819611.923946667,0.08,0.08388382090804236,0.13314892207625773,0.28174062710431086,0.36560862520327503,,"2025-12-31",0.5373908460045823,0.3818103457892556,0.2757321017343178,0.20723768673875065,0.04194015,0.04194367090804236,419,0.0354,354,0.0484,484,21124.41428618301,0.34685959945475514
2025-10-07 00:00:00,"STRK",98.61,96.2,98.9,96.05,-0.18708609271523174,0.26800000000000007,0.26800000000000007,1360590000,1308887580,16250681.200000001,18949987.301946666,0.08,0.08316008316008315,0.132000132000132,0.28059123657231066,0.36652500646014397,,"2025-12-31",0.5395648748412272,0.3830778672332017,0.2831819465927149,0.20235479967366976,0.0420726,0.04108748316008315,411,0.0345,345,0.0487,487,21124.41428618301,0.34137214137214134
2025-10-06 00:00:00,"STRK",100,98.94,100.25,98.12,-0.16190634340750581,0.30225,0.30225,1360590000,1346167746,25257798.96,19161026.670280002,0.08,0.08085708510208207,0.1283445795271144,0.2680790811731629,0.3658901450672344,,"2025-12-31",0.5288819409093491,0.36599540203720365,0.27012946789322145,0.19609045190696495,0.042559799999999995,0.03829728510208208,383,0.0319,319,0.049,490,21124.41428618301,0.36354356175459873
2025-10-03 00:00:00,"STRK",98.24,98.86,99.2318,98.0016,-0.16257057455994686,0.30125,0.30125,1360590000,1345079274,14905122.2,19537148.771613337,0.08,0.08092251669026906,0.12844843919090326,0.27436258257171225,0.36700393046538554,,"2025-12-31",0.5281361423382571,0.36771126157657164,0.2690460127040521,0.19556775310307203,0.0420569,0.03886561669026906,389,0.0324,324,0.0486,486,21124.41428618301,0.3556848067974914
2025-10-02 00:00:00,"STRK",96.32,97.14,98.22,95.85,-0.1602574961883788,0.27975000000000005,0.27975000000000005,1360590000,1321677126,15736000.02,19497625.596946668,0.08,0.08235536339304098,0.13072279903657297,0.2703951501977091,0.3675448491254344,,"2025-12-31",0.5279021410162822,0.3586331729621597,0.26783929322827615,0.18874717714607023,0.04170505,0.040650313393040975,407,0.0341,341,0.0483,483,21124.41428618301,0.3627033148033766
2025-10-01 00:00:00,"STRK",91.5,94.21,94.33,90.7,-0.1775165633682411,0.24312499999999995,0.24312499999999995,1360590000,1281811839,15804386.969999999,20269300.68294667,0.08,0.0849166755121537,0.1347883738288154,0.2544814974072442,0.3667897382128693,,"2025-12-31",0.5195248188661962,0.3468321809247913,0.2663714718543759,0.19711778787138703,0.041809,0.043107675512153706,431,0.0363,363,0.0486,486,21124.41428618301,0.3592081520008492
2025-09-30 00:00:00,"STRK",91.5,91.7,91.74,90.51,-0.22568382778282786,0.21175000000000005,0.21175000000000005,1360590000,1247661030,24678212.3,21089849.242613334,0.08,0.08724100327153762,0.13847778297069463,0.24112133572391692,0.36643876050722096,,"2025-12-31",0.49248012991351725,0.3333089267704408,0.26072650880386317,0.17452729921009472,0.042087349999999996,0.04515365327153763,452,0.0381,381,0.0492,492,21124.41428618301,0.3513740458015267
2025-09-29 00:00:00,"STRK",89.45,90.8,91.68,89.45,-0.12087912087912092,0.20049999999999998,0.20049999999999998,1360590000,1235415720,15962912.4,21143570.255280007,0.08,0.0881057268722467,0.1398503601146773,0.26091062951898825,0.3673929630583892,,"2025-09-30",0.4935897026386237,0.3360820738560167,0.25820917651023645,0.18726037535302398,0.041948,0.0461577268722467,462,0.0391,391,0.049,490,21124.41428618301,0.35949339207048464
2025-09-26 00:00:00,"STRK",90.84,88.03,91.24,88,-0.14444550033260478,0.16587500000000002,0.16587500000000002,1360590000,1197727377,42749392.69,21203142.120280005,0.08,0.0908781097353175,0.1442509678338373,0.24225145389188793,0.36652259199509213,,"2025-09-30",0.47311692457080534,0.31630872927204,0.23220674735221586,0.1549481043112123,0.042356250000000005,0.048521859735317495,485,0.0409,409,0.05,500,21114.99058350981,0.3510848574349653
2025-09-25 00:00:00,"STRK",92.26,90.16,92.47,90,-0.12061068702290077,0.19249999999999995,0.19249999999999995,1360590000,1226707944,33687743.04,20773141.69728,0.08,0.08873114463176575,0.14084308671708848,0.23769877214745241,0.3664048185139347,,"2025-09-30",0.4897201236358938,0.3181652403108392,0.23828484311809545,0.1562380372047328,0.0422332,0.04649794463176575,465,0.0389,389,0.0498,498,21114.99058350981,0.3335181898846495
2025-09-24 00:00:00,"STRK",93.85,93,94.9999,93,-0.08477842003853563,0.22800000000000004,0.22800000000000004,1360590000,1265348700,13646076,20741920.095946666,0.08,0.08602150537634409,0.136542072025943,0.23137200239683564,0.3653951437382546,,"2025-09-30",0.48081751642025616,0.30406194355344723,0.22671626784359744,0.13587273659248392,0.042161,0.043860505376344096,439,0.0366,366,0.0495,495,21114.99058350981,0.3476451612903226
2025-09-23 00:00:00,"STRK",93.95,94.25,95,93.3,-0.06562469663139506,0.24362500000000004,0.24362500000000004,1360590000,1282356075,19309845.75,21459606.89594667,0.08,0.08488063660477453,0.13473116921392783,0.2303363166433128,0.36613260658548713,,"2025-09-30",0.4793837900865975,0.3099963774664165,0.22212799974015007,0.12771060560071879,0.04181915,0.04306148660477453,431,0.0357,357,0.0492,492,21114.99058350981,0.3477771883289124
2025-09-22 00:00:00,"STRK",93.5,93.5061,94.0699,92.6535,-0.06986657576938063,0.23432625000000007,0.23432625000000007,1360590000,1272234645.99,14750026.238400001,21768308.060946662,0.08,0.08555591560336705,0.13580304064026516,0.22769612910733647,0.3671951365454365,,"2025-09-30",0.4747830968424023,0.3108669287617015,0.2286111763073413,0.1314458041862151,0.042101400000000004,0.04345451560336704,435,0.0362,362,0.0494,494,21114.99058350981,0.35925998410798865
2025-09-19 00:00:00,"STRK",93.21,93.88,94.355,93.155,-0.0811673812503714,0.23899999999999996,0.23899999999999996,1360570000,1277303116,13484172.16,21764571.753,0.08,0.0852151682999574,0.13526217190469428,0.228578096980481,0.36833742999361524,,"2025-09-30",0.4755666024560144,0.313795410205025,0.22995888252268212,0.1353153888259763,0.0420039,0.0432112682999574,432,0.0362,362,0.049,490,21115.832140034585,0.36722411589262893
2025-09-18 00:00:00,"STRK",91.99,93.84,94.35,91.635,-0.08155070733245294,0.23850000000000007,0.23850000000000007,1360570000,1276758888,15179839.92,22106134.281,0.08,0.08525149190110827,0.13531982841445758,0.2279975089867313,0.36953905162148026,,"2025-09-30",0.4850079256357732,0.3286828219551913,0.2384484451726948,0.14169585807013596,0.041703899999999995,0.043547591901108275,435,0.0366,366,0.0486,486,21115.832140034585,0.3720375106564365
2025-09-17 00:00:00,"STRK",92.34,91.27,93.002,91.02,-0.10230991337824841,0.20637499999999998,0.20637499999999998,1360570000,1241792239,18037690.099999998,22050965.237,0.08,0.08765202147474527,0.139130192817056,0.23251140707293286,0.3690966793344384,,"2025-09-30",0.463211499161942,0.313873889788917,0.2446862187550544,0.15423274670597348,0.041097999999999996,0.04655402147474527,466,0.0398,398,0.0479,479,21115.832140034585,0.36124685000547824
2025-09-16 00:00:00,"STRK",92.81,92.78,93,92.215,-0.09517899761336514,0.22525000000000003,0.22525000000000003,1360570000,1262336846,12464250.76,21875658.228333335,0.08,0.08622547962923044,0.13686584068131816,0.23019339969923466,0.3696680883525159,,"2025-09-30",0.4618672640985675,0.31206319231841595,0.24027650686841873,0.15238760802328236,0.04096425,0.04526122962923044,453,0.0384,384,0.0479,479,21115.832140034585,0.3611661996119853
2025-09-15 00:00:00,"STRK",93.65,92.7,93.86,91.21,-0.09377990430622007,0.22425000000000006,0.22425000000000006,1360570000,1261248390,19950615.900000002,22157679.582000002,0.08,0.08629989212513484,0.1369839557541823,0.22958283681468786,0.37089811969934633,,"2025-09-30",0.4664772171449436,0.31833339188193394,0.24445493084811032,0.14967664426885655,0.0410612,0.04523869212513484,452,0.0382,382,0.0481,481,21115.832140034585,0.3536030204962244
2025-09-12 00:00:00,"STRK",95,95.65,95.8,94.55,-0.07877358490566032,0.23612500000000008,0.23612500000000008,1342460000,1284062990,32728273.55,23100792.118666667,0.08,0.0836382645060115,0.13275915000954205,0.21741237377281283,0.36980073253408174,,"2025-09-30",0.4649692367790155,0.3155375584271548,0.24756701974701067,0.1540729546125598,0.0412851,0.0423531645060115,424,0.0354,354,0.0483,483,21057.450740845157,0.34651332984840566
2025-09-11 00:00:00,"STRK",95.88,94.57,96.25,94.52,-0.09510869565217396,0.22262499999999993,0.22262499999999993,1342460000,1269564422,16348410.469999999,23529638.112999998,0.08,0.08459342286137253,0.134275274383131,0.24889904192425524,0.37079140923043435,,"2025-09-30",0.4634266076215146,0.3128115142575152,0.24594785536126623,0.15901738783849903,0.0407624,0.04383102286137253,438,0.0368,368,0.0478,478,21057.450740845157,0.3447393465158084
2025-09-10 00:00:00,"STRK",95.89,95.55,96.8,95.35,-0.08814731725556185,0.234875,0.234875,1342460000,1282720530,20952681.75,24145473.867999997,0.08,0.0837257980115123,0.13289809208176553,0.31738343337411884,0.37176679196061724,,"2025-09-30",0.46530026757258036,0.3168749371785893,0.2550047738022667,0.17091230982403097,0.041111749999999996,0.0426140480115123,426,0.0355,355,0.0482,482,21057.450740845157,0.34165358451072736
2025-09-09 00:00:00,"STRK",93.75,95.2,95.65,93.6508,-0.0994997220678154,0.23050000000000007,0.23050000000000007,1342460000,1278021920,16135257.6,24404429.426999997,0.08,0.08403361344537814,0.13338668800853673,0.3218463969743202,0.3730189092003616,,"2025-09-30",0.4694064771356361,0.31729366028911854,0.2628599249745915,0.17898084925024568,0.041488000000000004,0.04254561344537814,425,0.0352,352,0.0488,488,21057.450740845157,0.345094537815126
2025-09-08 00:00:00,"STRK",95.32,93.5,95.5,92.76,-0.09564393939393935,0.20925000000000002,0.20925000000000002,1342460000,1255200100,17317602.5,25804440.306999996,0.08,0.0855614973262032,0.13581190051778286,0.3294762905449903,0.3736095706964546,,"2025-09-30",0.4713519249889366,0.3193160204093002,0.26198700094404304,0.1864404467655497,0.0411208,0.044440697326203205,444,0.0371,371,0.0484,484,21057.450740845157,0.35283422459893043
2025-09-05 00:00:00,"STRK",95.3,95.1,95.88,95.06,-0.0456064478081384,0.22924999999999995,0.22924999999999995,1337010000,1271496510,15848890.499999998,26510581.86033333,0.08,0.08412197686645637,0.1335269474070736,0.341654329308966,0.3741715601092542,,"2025-09-30",0.46890330128989566,0.3187678373572055,0.2630867851130073,0.1902323889683738,0.041727600000000004,0.04239437686645636,424,0.035,350,0.0491,491,21097.179126636867,0.3531756046267088
2025-09-04 00:00:00,"STRK",94.9,94.8,95.5,94.8,-0.09953488372093026,0.22549999999999998,0.22549999999999998,1337010000,1267485480,10127673.6,27463519.323666666,0.08,0.08438818565400844,0.13394950103810863,0.35025362825399525,0.37546449334596566,,"2025-09-30",0.4769870371205161,0.31944942386881725,0.2696409977740074,0.19172993625708837,0.042424500000000004,0.04196368565400843,420,0.0346,346,0.0498,498,21097.179126636867,0.3455590717299578
2025-09-03 00:00:00,"STRK",94.9,94.9,95.48,94.2,-0.0862800565770862,0.2267500000000001,0.2267500000000001,1337010000,1268822490,19543611.1,28023852.79566666,0.08,0.08429926238145416,0.13380835298643518,0.35464773936744887,0.37677616100681716,,"2025-09-30",0.4767696909665387,0.3207352301905541,0.27197991271475835,0.1926825918100158,0.0429174,0.04138186238145416,414,0.034,340,0.0503,503,21097.179126636867,0.34800842992623815
2025-09-02 00:00:00,"STRK",94.73,94.04,95.68,93.84,-0.0808689826777681,0.2160000000000001,0.2160000000000001,1337010000,1257324204,16613764.680000002,28563643.97833333,0.08,0.08507018290089323,0.13503203635062416,0.35178319187302887,0.3779458884319911,,"2025-09-30",0.4828326416440134,0.32127289537376075,0.2725660716100953,0.1919541949584389,0.043493449999999996,0.04157673290089323,416,0.0342,342,0.0509,509,21097.179126636867,0.36327094853253933
2025-08-29 00:00:00,"STRK",95.68,94.3,95.77,94.3,-0.05225863596102748,0.21925,0.21925,1317060000,1241987580,22706591.3,28816554.499333333,0.08,0.08483563096500531,0.13465973169048462,0.3564852422327559,0.37926391946924354,,"2025-09-30",0.485369912760104,0.32562535717018803,0.26526657428723655,0.18875028779997907,0.043003799999999995,0.04183183096500531,418,0.0341,341,0.0507,507,21163.03558977132,0.3546235418875928
2025-08-28 00:00:00,"STRK",95.66,95.45,96.3,95.2,-0.044795138208194404,0.23362500000000005,0.23362500000000005,1317060000,1257133770,13929209.4,28879299.18166667,0.08,0.08381351492928235,0.13303732528457515,0.35629723824285753,0.3802269262901373,,"2025-09-30",0.48225328397340667,0.31404575213944314,0.24742276798787163,0.1665613580573103,0.0429194,0.04089411492928235,409,0.0335,335,0.0503,503,21163.03558977132,0.35499214248297534
2025-08-27 00:00:00,"STRK",96,95.45,96.34,95.11,-0.042166306270886494,0.23362500000000005,0.23362500000000005,1317060000,1257133770,17795698,29255224.574666668,0.08,0.08381351492928235,0.13303732528457515,0.36001441091515995,0.38160028307192606,,"2025-09-30",0.48204150798427986,0.3194173186631212,0.25426177642054415,0.17660894345259825,0.043130299999999996,0.040683214929282355,407,0.0334,334,0.0504,504,21163.03558977132,0.358365636458879
2025-08-26 00:00:00,"STRK",95.05,95.65,96,94.76,-0.03307258144370719,0.23612500000000008,0.23612500000000008,1317060000,1259767890,16597188.000000002,29502054.722,0.08,0.0836382645060115,0.13275915000954205,0.36696590772629567,0.3829692415171869,,"2025-09-30",0.48248646115507743,0.31509046180296113,0.24452336679837033,0.17516233746632315,0.0433072,0.0403310645060115,403,0.0329,329,0.0507,507,21163.03558977132,0.36733925771040254
2025-08-25 00:00:00,"STRK",96,94.75,96.525,94.5,-0.04198435488662239,0.22487500000000002,0.22487500000000002,1317060000,1247914350,22581862.25,29749574.451333337,0.08,0.08443271767810026,0.13402018679063532,0.365368158926282,0.3841965160122457,,"2025-09-30",0.48103642609299085,0.315246363581285,0.24382712529830858,0.17487603042291688,0.043437449999999996,0.040995267678100265,410,0.0335,335,0.0509,509,21163.03558977132,0.3622163588390501
2025-08-22 00:00:00,"STRK",96.5,96.5,99.03,95.79,-0.023882667723714168,0.24675000000000002,0.24675000000000002,1296050000,1250688250,36541462,31160346.142666675,0.08,0.08290155440414508,0.1315897688954684,0.3650388420763833,0.384723709813993,,"2025-09-30",0.47475344064466135,0.30339070472643137,0.21348869034787482,0.16542917944278138,0.043316099999999996,0.039585454404145085,396,0.0325,325,0.0504,504,21195.549242424244,0.37111917098445596
2025-08-21 00:00:00,"STRK",96.25,95.79,97.6773,95.21,-0.02209999999999994,0.23787500000000011,0.23787500000000011,1296050000,1241486295,13719426.96,31344407.90933334,0.08,0.08351602463722727,0.1325651184717893,0.3699714892347121,0.3860555528221142,,"2025-09-30",0.4787643256172763,0.30485625250041193,0.21308042888348358,0.16476093344572054,0.0439549,0.03956112463722727,396,0.0323,323,0.0513,513,21195.549242424244,0.35241674496293973
2025-08-20 00:00:00,"STRK",97.75,96.2,97.78,95.5,-0.010080645161290322,0.24300000000000005,0.24300000000000005,1296050000,1246800100,38886252.6,33628091.57733334,0.08,0.08316008316008315,0.132000132000132,0.3733512059600574,0.387437789523735,,"2025-09-30",0.4716170466000508,0.3021629328058053,0.20839750797054765,0.15642597358462945,0.043584,0.03957608316008315,396,0.0324,324,0.0508,508,21195.549242424244,0.3579729729729729
2025-08-19 00:00:00,"STRK",101.15,97.13,101.9373,95.88,0.006702548999695304,0.254625,0.254625,1296050000,1258853365,40420843.76,34564790.65733334,0.08,0.08236384227324205,0.13073625757657467,0.37762082891239873,0.38862568822011007,,"2025-09-30",0.4938881440485681,0.3290545659458375,0.22734777763514719,0.13129906999418298,0.043717,0.03864684227324205,386,0.0314,314,0.0509,509,21195.549242424244,0.34651497992381347
2025-08-18 00:00:00,"STRK",102.5,100.93,102.645,100.62,0.06663212435233168,0.3021250000000001,0.3021250000000001,1296050000,1308103265,26289842.680000003,34564492.398666665,0.08,0.07926285544436738,0.12581405626090061,0.37101832933676465,0.38622743713434643,,"2025-09-30",0.48592234672327694,0.3264989784521402,0.25271801655758014,0.17759678946808738,0.044261,0.03500185544436738,350,0.0279,279,0.0514,514,21195.549242424244,0.36024967799464974
2025-08-15 00:00:00,"STRK",104.86,102.89,105.45,102.35,0.08649264553552925,0.32662500000000005,0.32662500000000005,1278080000,1315016512,17750068.35,35737918.84266667,0.08,0.077752940033045,0.12341736513181746,0.3760341925240083,0.38664274121478603,,"2025-09-30",0.4777315430843676,0.34949055558483033,0.27682766265347525,0.22873198166853997,0.04421745,0.033535490033045005,335,0.0266,266,0.0511,511,21155.61590343209,0.356030712411313
2025-08-14 00:00:00,"STRK",106,104.5,106.9,104.11,0.10799001248439445,0.34675,0.34675,1278080000,1335593600,29849380,35997973.475,0.08,0.07655502392344497,0.12151591098959519,0.3755658103469312,0.38740312214944006,,"2025-09-30",0.4677140725623812,0.34887898117762295,0.2788592065536679,0.22906259887331076,0.043876450000000004,0.03267857392344497,327,0.026,260,0.0506,506,21155.61590343209,0.3568803827751196
2025-08-13 00:00:00,"STRK",107.99,107,108.1473,105.1,0.12336390806966917,0.378,0.378,1278080000,1367545600,32751095,38568787.869,0.08,0.07476635514018691,0.11867675419077288,0.37796345676676796,0.387281647634209,,"2025-09-30",0.47313397682038427,0.35360189983271684,0.28038246838336744,0.24571220510236644,0.04347085,0.03129550514018691,313,0.0249,249,0.0499,499,21155.61590343209,0.36439252336448597
2025-08-12 00:00:00,"STRK",109.3,108,109.3,107.7,0.16550116550116556,0.3905,0.3905,1278080000,1380326400,35176680,40402313.61983333,0.08,0.07407407407407407,0.11757789535567313,0.37930168895014027,0.3884850716250244,,"2025-09-30",0.4705627194718793,0.360809954147414,0.25503071481022316,0.23537849692798082,0.044006250000000004,0.030067824074074066,301,0.0234,234,0.0507,507,21155.61590343209,0.3651759259259259
2025-08-11 00:00:00,"STRK",110.74,109.17,110.74,108.02,0.19989206691851047,0.40512500000000007,0.40512500000000007,1278080000,1395279936,28570880.7,43960978.364166655,0.08,0.07328020518457451,0.11631778600726113,0.3896960852201736,0.3896077395233564,,"2025-09-30",0.48188438249072996,0.37940569068968205,0.28416196832281043,0.2684815414607623,0.0438115,0.029468705184574506,295,0.0228,228,0.0505,505,21155.61590343209,0.3666300265640744
2025-08-08 00:00:00,"STRK",109.8,109,109.8068,108.2201,0.20728285223292955,0.403,0.403,1278080000,1393107200,14637937,43869943.05016666,0.08,0.07339449541284404,0.11649919906800642,0.5680958095387435,0.39116254183977456,,"2025-09-30",0.4788644287285367,0.3749637054206754,0.282006071744714,0.2657956187952144,0.0438223,0.02957219541284404,296,0.0227,227,0.0507,507,21142.494087860672,0.3625045871559633
2025-08-07 00:00:00,"STRK",107.99,109.4,109.75,106.729,0.23025952512424086,0.4080000000000001,0.4080000000000001,1278080000,1398219520,23731048,44166901.34083332,0.08,0.07312614259597806,0.1160732422158382,0.5679355287418953,0.39265266449507746,,"2025-09-30",0.48595758095497754,0.3827065396462522,0.28265409623691795,0.2623563273065679,0.0434368,0.029689342595978066,297,0.0228,228,0.0503,503,21142.494087860672,0.36746800731261425
2025-08-06 00:00:00,"STRK",106,106.05,108.191,105.904,0.19511116026988165,0.366125,0.366125,1278080000,1355403840,13524768.6,44317407.074166656,0.08,0.07543611504007544,0.1197398651429769,0.5607332116006886,0.39202988834132063,,"2025-09-30",0.47960633436521927,0.37771504734046757,0.2859572925010952,0.2727380755884834,0.04323545,0.03220066504007544,322,0.0251,251,0.0503,503,21142.494087860672,0.3615370108439416
2025-08-05 00:00:00,"STRK",107,106.19,107.89,105.72,0.198781163434903,0.367875,0.367875,1278080000,1357193152,12778479.84,44327712.95416666,0.08,0.07533666070251437,0.11958200111510217,0.5613521300832354,0.39360718171763553,,"2025-09-30",0.4899606124737325,0.39054943595442765,0.2973503249526242,0.27973730391248136,0.043185600000000005,0.03215106070251436,322,0.025,250,0.0504,504,21142.494087860672,0.3535737828420755
2025-08-04 00:00:00,"STRK",108.06,106.77,108.99,106,0.19566890183577001,0.375125,0.375125,1278080000,1364606016,20924891.37,44425967.78149999,0.08,0.07492741406762199,0.11893240328193966,0.5613701376399794,0.3950889251734353,,"2025-09-30",0.4897017325362291,0.3887484821659655,0.2969732131888412,0.28032201895338354,0.043244000000000005,0.031683414067621984,317,0.0246,246,0.0503,503,21142.494087860672,0.3645593331460148
2025-08-01 00:00:00,"STRK",109.5,106,110,105.26,0.20670391061452514,0.36550000000000005,0.36550000000000005,1278080000,1354764800,48243992,44515831.91049998,0.08,0.07547169811320754,0.11979634621144054,0.5611080380377155,0.3966558925755241,,"2025-09-30",0.4926617099797092,0.3901177955421834,0.2984620261951091,0.2823888896461189,0.043315,0.032156698113207545,322,0.0251,251,0.0504,504,21142.494087860672,0.345877358490566
2025-07-31 00:00:00,"STRK",104.8,111.21,111.67,104.7601,0.26491620111731834,0.4306249999999999,0.4306249999999999,1278080000,1421352768,45593653.379999995,43760925.41851333,0.08,0.07193597698048737,0.11418409044521804,0.5436180182469011,0.39160296451976867,,"2025-09-30",0.46725998674428365,0.369258399789154,0.28286585530949665,0.28312551567861705,0.044779,0.02715697698048737,272,0.0202,202,0.0518,518,21142.494087860672,0.3613523963672332
2025-07-30 00:00:00,"STRK",106.99,104.57,108.975,103.55,0.19072625698324014,0.34762499999999996,0.34762499999999996,1278080000,1336488256,34823483.12,42773451.30584667,0.08,0.07650377737400785,0.12143456726032992,0.512662794463639,0.3835147036250322,,"2025-09-30",0.4796068159165398,0.39474284465696846,0.3078292383878622,0.2847976551317668,0.0446466,0.031857177374007846,319,0.0251,251,0.0514,514,21126.116626987347,0.37777565267285074
2025-07-29 00:00:00,"STRK",105,106.98,106.9999,104.0401,0.22449438202247196,0.3777500000000001,0.3777500000000001,1278080000,1367289984,28721348.52,42527869.285179995,0.08,0.07478033277248083,0.11869894090869973,0.5085501160158397,0.38344466267869026,,"2025-09-30",0.48095800697890817,0.3882634739897994,0.30597748177666984,0.28007534279625734,0.0443412,0.030439132772480837,304,0.0236,236,0.0511,511,21126.116626987347,0.3689100766498411
2025-07-28 00:00:00,"STRK",108.16,104,108.16,103.01,0.22401847575057746,0.3405,0.3405,1278080000,1329203200,58135584,42316735.951179996,0.08,0.07692307692307693,0.12210012210012211,0.501619488751286,0.38312688392404154,,"2025-09-30",0.4928158799336263,0.3995871669792085,0.3123009620909157,0.27695345148716355,0.0450775,0.03184557692307693,318,0.0267,267,0.0502,502,17247.99183901805,0.38826923076923076
2025-07-25 00:00:00,"STRK",110.71,107.9,111.9499,104,0.2678818643285648,0.3892500000000001,0.3892500000000001,1278080000,1379048320,38501849.1,41445766.08451333,0.08,0.07414272474513438,0.11768686467481647,0.491082439435324,0.3804906914525791,,"2025-09-30",0.47945946117936666,0.3968905731904831,0.3102278678056879,0.26910681763403294,0.044972399999999996,0.029170324745134382,292,0.024,240,0.0502,502,17247.99183901805,0.3761723818350324
2025-07-24 00:00:00,"STRK",113.75,111.4,113.75,111.06,0.32075471698113217,0.4330000000000001,0.4330000000000001,1278080000,1423781120,44437014.400000006,40988401.701179996,0.08,0.0718132854578097,0.11398934199652333,0.48159038472344856,0.37876449448957056,,"2025-09-30",0.48446765485401855,0.40195210092720113,0.32554260562393506,0.27710493661297975,0.0454077,0.026405585457809695,264,0.021,210,0.0508,508,17247.99183901805,0.37245960502693
2025-07-23 00:00:00,"STRK",114,114.24,115,112.66,0.35842000701180327,0.46849999999999997,0.46849999999999997,1278080000,1460078592,26937677.759999998,40393383.07584667,0.08,0.0700280112044818,0.11115557334044729,0.4748817176142924,0.3781831630191828,,"2025-09-30",0.48982944444029497,0.40697522613512344,0.32650356011030274,0.2785761255458744,0.04524575,0.024782261204481792,248,0.0196,196,0.0504,504,17247.99183901805,0.3612307422969188
2025-07-22 00:00:00,"STRK",115.1,114.465,116,111,0.34938014135094425,0.4713125000000001,0.4713125000000001,1278080000,1462954272,35737346.58,41365035.253846675,0.08,0.06989035949853667,0.11093707856910583,0.4758833083085354,0.3798044364643458,,"2025-09-30",0.5039514683466573,0.4225979143554659,0.33873959007219945,0.2875507964288673,0.044753999999999995,0.025136359498536674,251,0.0199,199,0.05,500,17247.99183901805,0.3725156161272004
2025-07-21 00:00:00,"STRK",119,117.59,119,116.48,0.40694117647058825,0.510375,0.510375,1278080000,1502894272,24201080.310000002,42226721.24784668,0.08,0.06803299600306148,0.10798888254454203,0.4708910985727048,0.37887026530848994,,"2025-09-30",0.5076065008768363,0.44052832970015254,0.3435427974819474,0.2929046832988355,0.045186,0.022846996003061483,228,0.0175,175,0.0505,505,17247.99183901805,0.36251381920231307
2025-07-18 00:00:00,"STRK",122,118.17,122.74,116.39,0.4112742219612448,0.517625,0.517625,1277530000,1509657201,24588931.77,43145817.23418001,0.08,0.0676990776000677,0.1074588533334408,0.480244433805354,0.3804008392014093,,"2025-09-30",0.5081829302909078,0.4396630243884846,0.3437289675137324,0.2911991805218033,0.0458056,0.0218934776000677,219,0.0166,166,0.0511,511,17425.088521319925,0.3581450452737581
2025-07-17 00:00:00,"STRK",118.71,121.37,121.4088,118.0125,0.44885496183206103,0.557625,0.557625,1277530000,1550538161,25206971.19,43606697.50851335,0.08,0.06591414682376205,0.10462562987898738,0.503873891945576,0.3794342018219475,,"2025-09-30",0.5047807453567514,0.4442437756092397,0.3367623700967482,0.28762860570579313,0.0461634,0.01975074682376205,198,0.0146,146,0.0514,514,17425.088521319925,0.3718711378429595
2025-07-16 00:00:00,"STRK",117.99,119.39,120.06,117.5856,0.42929471329330027,0.532875,0.532875,1277530000,1525243067,25200602.42,44425953.210513346,0.08,0.06700728704246586,0.10636077308327915,0.5033162557253124,0.3806509069024378,,"2025-09-30",0.5828846782014786,0.5299771046459084,0.37117093441651466,0.30249813191705605,0.04602175,0.020985537042465863,210,0.0157,157,0.0513,513,17425.088521319925,0.38185777703325235
2025-07-15 00:00:00,"STRK",120.2,118.78,120.2,116.58,0.4388849177984275,0.52525,0.52525,1277530000,1517450134,24022779.88,44990982.29584668,0.08,0.06735140596059942,0.10690699358825305,0.5043067470024003,0.38241354708023234,,"2025-09-30",0.5887772356757968,0.5362576368162979,0.365693026441533,0.3083308482021238,0.0463005,0.02105090596059942,211,0.0158,158,0.0516,516,17425.088521319925,0.37237750463040914
2025-07-14 00:00:00,"STRK",124.73,118.53,124.73,116.109,0.43130269564184787,0.5221250000000001,0.5221250000000001,1277530000,1514256309,64905012.99,46435988.65718,0.08,0.06749346157091032,0.10713247868398464,0.5048515991265924,0.38420980454462433,,"2025-09-30",0.5892212239461154,0.5393435958073012,0.3646147278168639,0.30939315143156704,0.0456689,0.021824561570910325,218,0.0164,164,0.0511,511,17425.088521319925,0.38051126297139964
2025-07-11 00:00:00,"STRK",127.99,122.5,129.4842,121.57,0.47267565649396726,0.57175,0.57175,1220140000,1494671500,42063315,44921674.51418001,0.08,0.0653061224489796,0.10366051182377714,0.4922468596301014,0.3819246384603525,,"2025-09-30",0.6086630167275826,0.5569714183008087,0.37308462583361035,0.3056057513274723,0.0457734,0.0195327224489796,195,0.0142,142,0.0511,511,17377.92993763864,0.35475918367346937
2025-07-10 00:00:00,"STRK",126,125.75,126.9455,124,0.5640303623898137,0.612375,0.612375,1220140000,1534326050,82229937,44301819.36751333,0.08,0.0636182902584493,0.10098141310864968,0.48327874610927213,0.3809391056966362,,"2025-09-30",0.6261354887131815,0.5866993859687659,0.3627881039255469,0.2842603326375483,0.045022349999999996,0.018595940258449302,186,0.0132,132,0.0504,504,17377.92993763864,0.33537972166998015
2025-07-09 00:00:00,"STRK",126,124.5,127.13,123,0.5061316823431362,0.59675,0.59675,1220140000,1519074300,66987225,42814899.229513325,0.08,0.0642570281124498,0.10199528271817428,0.48337545967025813,0.38265920008486815,,"2025-09-30",0.6261124072765952,0.5723652805972935,0.37119441771818434,0.2888608568242252,0.04493965,0.019317378112449796,193,0.0136,136,0.0506,506,17377.92993763864,0.3336626506024097
2025-07-08 00:00:00,"STRK",122.15,123,124.1199,122.15,0.5407370886231975,0.5780000000000001,0.5780000000000001,1220140000,1500772200,40411896,42098945.68784666,0.08,0.06504065040650407,0.10323912762937154,0.48312216326254726,0.3843011233832146,,"2025-09-30",0.6241352266828347,0.5720343341562946,0.3709407140804753,0.28754223351694136,0.045663800000000004,0.019376850406504068,194,0.0135,135,0.0516,516,17377.92993763864,0.32271544715447154
2025-07-07 00:00:00,"STRK",122.86,120.8,122.86,120.15,0.5008555365436325,0.5505,0.5505,1220140000,1473929120,61492636,41829362.46751333,0.08,0.06622516556291391,0.10511931041732367,0.4821829131633931,0.38552055802628704,,"2025-09-30",0.62916879880508,0.5743532592668614,0.37778600281240277,0.2884688187755036,0.045391,0.02083416556291391,208,0.0149,149,0.0513,513,17377.92993763864,0.3275413907284769
2025-07-03 00:00:00,"STRK",119.66,120.44,122.3585,118.76,0.464418131802416,0.546,0.546,1220140000,1469536616,25551707.32,41584094.60084666,0.08,0.06642311524410495,0.10543351626048404,0.4821504053554623,0.3874425195493918,,"2025-09-30",0.63285895830094,0.5475776261019935,0.376160267403211,0.28703024736282096,0.04485405,0.02156906524410495,216,0.0158,158,0.0507,507,17377.92993763864,0.3354284290933245
2025-07-02 00:00:00,"STRK",120.69,118.06,120.7,115.65,0.4007700385019252,0.5162500000000001,0.5162500000000001,1220140000,1440497284,106973811.82000001,41986569.85018,0.08,0.0677621548365238,0.10755897593099016,0.480413484197566,0.38849879752685124,,"2025-09-30",0.6420374470651714,0.5610522674419971,0.3752585172605434,0.27186836869899556,0.0443026,0.023459554836523802,235,0.0176,176,0.0502,502,17377.92993763864,0.3407419955954599
2025-07-01 00:00:00,"STRK",122.8,116.975,126.04,114.99,0.3760698588942864,0.5026875,0.5026875,1220140000,1427258765,87756867.52499999,39620616.661180004,0.08,0.0683906817696089,0.10855663772953794,0.48033254771331063,0.3903601043726003,,"2025-09-30",0.6410937567832775,0.5631936409585064,0.3749317419966482,0.2701883042364337,0.0438662,0.024524481769608898,245,0.0185,185,0.0499,499,17377.92993763864,0.3191280188074375
2025-06-30 00:00:00,"STRK",107,121.01,125.72,107,0.4630114176974311,0.5531250000000001,0.5531250000000001,1220140000,1476491414,141936622.33,37875392.96034667,0.08,0.06611023882323774,0.1049368870210123,0.4662082574314066,0.3877149449069317,,"2025-09-30",0.6423164278226839,0.5710394181471876,0.39096166388884945,0.2834045158094433,0.0438526,0.022257638823237745,223,0.0163,163,0.0499,499,17377.92993763864,0.33404677299396746
2025-06-27 00:00:00,"STRK",105.61,105.56,105.85,105.22,0.251570863393065,0.36000000000000004,0.36000000000000004,1192530000,1258834668,25839821.28,34570521.75401333,0.08,0.07578628268283441,0.12029568679814985,0.25070431318233355,0.32406459944896254,,"2025-06-30",0.7306128063353358,0.6912072724340359,0.4593950305331636,0.31453091424826934,0.0438632,0.03192308268283441,319,0.0259,259,0.0499,499,17429.42373110265,0.3636604774535809
2025-06-26 00:00:00,"STRK",105.64,105.23,105.64,104.9725,0.2405136510874596,0.35587500000000005,0.35587500000000005,1192530000,1254899319,23546685.720000003,35035573.48201333,0.08,0.07602394754347619,0.12067293260869236,0.2507327360213888,0.32576277121117675,,"2025-06-30",0.7328653133806037,0.6695974105693069,0.4511208569632796,0.3126016630050139,0.043535,0.03248894754347619,325,0.0265,265,0.0495,495,17429.42373110265,0.3672336786087617
2025-06-25 00:00:00,"STRK",105,104.8,105.11,104.5,0.22716304722509476,0.3505,0.3505,1192530000,1249771440,28246220,35430319.71434666,0.08,0.07633587786259542,0.12116806009935781,0.2534129840727497,0.32747724307835574,,"2025-06-30",0.7063545967675144,0.6160940852522347,0.44197906420679056,0.2971309597906261,0.0438045,0.03253137786259542,325,0.0266,266,0.0497,497,17429.42373110265,0.37086832061068703
2025-06-24 00:00:00,"STRK",103.53,103.8,104.5,103.53,0.22142692218887083,0.33799999999999997,0.33799999999999997,1192530000,1237846140,13833945,35897822.11168,0.08,0.07707129094412332,0.1223353824509894,0.26329574103168285,0.3290093974310627,,"2025-06-30",0.703568211391063,0.6094384637957274,0.4332770082109102,0.3037024771888788,0.0438533,0.033217990944123324,332,0.0271,271,0.05,500,17429.42373110265,0.36321772639691713
2025-06-23 00:00:00,"STRK",102.75,103.01,103.53,102.75,0.2354117647058824,0.3281250000000001,0.3281250000000001,1192530000,1228425153,15726124.66,36139363.653346665,0.08,0.07766236287739053,0.12327359186887386,0.26683656225878927,0.33066769665956075,,"2025-06-30",0.7031337872720559,0.6088945584050021,0.43196339861748956,0.30148019011311294,0.044229450000000003,0.03343291287739053,334,0.0272,272,0.0504,504,17429.42373110265,0.35645083001650324
2025-06-20 00:00:00,"STRK",103.85,102.68,104,102.625,0.26120481927710854,0.3240000000000001,0.3240000000000001,1175870000,1207383316,23620815.240000002,36492828.63581333,0.08,0.07791195948578106,0.12366977696155723,0.26709348161991014,0.3324745716538093,,"2025-06-30",0.703293926457229,0.6085083003060647,0.43192165734747445,0.3003493772684176,0.04458795,0.033324009485781056,333,0.027,270,0.0509,509,17394.26110454315,0.3600506427736657
2025-06-18 00:00:00,"STRK",104.35,104.3498,105.4,103.9001,0.2516158644227375,0.3448725,0.3448725,1175870000,1227017993.26,25596797.2404,35861706.11614667,0.08,0.07666521641632279,0.12169081970844887,0.2619807530286632,0.33290556530836163,,"2025-06-30",0.7042014880514179,0.607566649107793,0.43254528307638845,0.3043390515695227,0.0446225,0.03204271641632279,320,0.0259,259,0.0507,507,17394.26110454315,0.353647060176445
2025-06-17 00:00:00,"STRK",104.5,103.9,104.5,102.1875,0.20068027210884357,0.3392500000000001,0.3392500000000001,1175870000,1221728930,15969430,35374869.080133334,0.08,0.07699711260827719,0.12221763906075743,0.2621626000572578,0.33475324970269243,,"2025-06-30",0.7007971285137633,0.6082606805473063,0.43290010668601264,0.3078668841434544,0.0446938,0.032303312608277186,323,0.0262,262,0.0508,508,17394.26110454315,0.3610972088546679
2025-06-16 00:00:00,"STRK",105,104.75,105,104.1015,0.2083993660855784,0.34987500000000005,0.34987500000000005,1175870000,1231723825,27456022.5,35186298.9468,0.08,0.07637231503579953,0.12122589688222148,0.25937087717748525,0.3361815985927082,,"2025-06-30",0.6980749792110353,0.599947766942853,0.4239122546387624,0.2979971714406335,0.045435,0.030937315035799523,309,0.0249,249,0.0514,514,17394.26110454315,0.36491646778042963
2025-06-13 00:00:00,"STRK",104.31,104.5,105.5,104.1,0.24167338942030664,0.34675,0.34675,1130620000,1181497900,22387348.5,36225070.1178,0.08,0.07655502392344497,0.12151591098959519,0.2621312936347929,0.3381081559541551,,"2025-06-30",0.6980780353107375,0.6043878188625892,0.4246902290702088,0.29826787322625115,0.04491095,0.031644073923444975,316,0.0254,254,0.0511,511,17569.213058419245,0.36638277511961725
2025-06-12 00:00:00,"STRK",105.9,106,106.05,105.75,0.22911174785100286,0.34049999999999997,0.34049999999999997,1130620000,1198457200,32006488,35800878.984466664,0.08,0.07547169811320754,0.11979634621144054,0.2575950143584447,0.33885759790300474,,"2025-06-30",0.6980451448369505,0.6061554038127385,0.4262700791379215,0.3004100249675444,0.04444,0.031031698113207544,310,0.0247,247,0.0507,507,17569.213058419245,0.35826415094339625
2025-06-11 00:00:00,"STRK",106.89,106.72,106.99,106.502,0.24049178444214633,0.3495,0.3495,1130620000,1206597664,24780917.6,35344368.151133336,0.08,0.07496251874062969,0.1189881249851265,0.25537736309071524,0.3404592586728277,,"2025-06-30",0.6975174732074119,0.6049654604681878,0.42801553294661393,0.29932221487966676,0.0449975,0.029965018740629686,300,0.024,240,0.051,510,17569.213058419245,0.3627342578710645
2025-06-10 00:00:00,"STRK",107,106.98,107.915,106.4,0.27617924528301896,0.35275,0.35275,1130620000,1209537276,26586455.64,34912331.664466664,0.08,0.07478033277248083,0.11869894090869973,0.2540650883340181,0.3423629766153772,,"2025-06-30",0.6973366761690464,0.604640195480844,0.42778395312113304,0.2992483743028013,0.0455326,0.029247732772480835,292,0.0233,233,0.0514,514,17569.213058419245,0.3656571321742382
2025-06-09 00:00:00,"STRK",107.46,107.94,108.25,106.5,0.1816017316017315,0.36474999999999996,0.36474999999999996,1130620000,1220391228,56087243.1,34327972.323133335,0.08,0.07411524921252548,0.11764325271829441,0.2569156939946171,0.34380867879052307,,"2025-06-30",0.6981109381541314,0.607447198451826,0.43081973442336635,0.302878390753335,0.0457602,0.028355049212525477,284,0.0225,225,0.0517,517,17569.213058419245,0.3632758940151936
2025-06-06 00:00:00,"STRK",104.25,105.6,106.06,103.002,0.13177966101694902,0.3354999999999999,0.3354999999999999,1067960000,1127765760,61587926.4,33228578.24646667,0.08,0.07575757575757576,0.12025012025012025,0.254265631585177,0.34426904369379835,,"2025-06-30",0.6958451755918669,0.6026938207314437,0.4322332454834084,0.3001041878265667,0.045893500000000004,0.029864075757575756,299,0.0237,237,0.0521,521,17418.474752777754,0.3546117424242424
2025-06-05 00:00:00,"STRK",108.49,101.74,108.49,100.26,0.09146793852676206,0.2872499999999999,0.2872499999999999,1067960000,1086542504,51773959.9,31370729.872466672,0.08,0.07863180656575586,0.12481239137421564,0.2369474136864235,0.34091316529436483,,"2025-06-30",0.7024923777703688,0.5992486478588658,0.4289175533912519,0.3078230039602365,0.0447128,0.03391900656575586,339,0.0275,275,0.0511,511,17418.474752777754,0.36248279929231375
2025-06-04 00:00:00,"STRK",106.8,107.5,107.8855,106.66,0.17493246893571043,0.35924999999999996,0.35924999999999996,1067960000,1148057000,38415340,30552786.124133337,0.08,0.07441860465116279,0.11812476928755998,0.1474278957424149,0.32740975845155285,,"2025-06-30",0.7213057133779601,0.5959569982835223,0.44079578192699886,0.33050328846324867,0.0446594,0.029759204651162788,298,0.0236,236,0.0509,509,17418.474752777754,0.3517209302325582
2025-06-03 00:00:00,"STRK",106.25,106.05,107,105.09,0.18894060283687944,0.34112499999999996,0.34112499999999996,1067960000,1132571580,49784642.25,29698554.1268,0.08,0.07543611504007544,0.1197398651429769,0.15405262909008813,0.32892191640561036,,"2025-06-30",0.7260615405176665,0.6005758621930952,0.44153212556826915,0.3282830268785566,0.0455126,0.02992351504007544,299,0.0238,238,0.0516,516,17418.474752777754,0.36532767562470536
2025-06-02 00:00:00,"STRK",103.5,104.49,105.48,103.436,0.14426406926406915,0.32162499999999994,0.32162499999999994,1067960000,1115911404,42151474.98,28340909.5518,0.08,0.07656235046415925,0.1215275404193004,0.15427293843802875,0.330311939718565,,"2025-06-30",0.724842782242059,0.5990200959694154,0.44046990713635936,0.3250314638491827,0.04547715,0.031085200464159253,311,0.025,250,0.0516,516,17418.474752777754,0.35627332759115704
2025-05-30 00:00:00,"STRK",101.78,103.16,104,101.5842,0.12987012987012977,0.30499999999999994,0.30499999999999994,1032610000,1065240476,67372970.72,27337027.5808,0.08,0.07754943776657619,0.12309434566123205,0.15541124711641593,0.3319371988249503,,"2025-06-30",0.7252650306580284,0.6004585370063893,0.43949172827591526,0.32560776381294754,0.0449007,0.03264873776657619,326,0.0264,264,0.0511,511,17314.08875484705,0.3577549437766576
2025-05-29 00:00:00,"STRK",102.25,101.61,102.42,101.5,0.11309523809523803,0.28562499999999996,0.28562499999999996,1032610000,1049235021,19475588.7,25606198.142133337,0.08,0.07873240822753666,0.1249720765516455,0.1536101099473449,0.3333153635502068,,"2025-06-30",0.727701787969459,0.6047419953072874,0.4408215321763638,0.32490183958369523,0.04502275,0.03370965822753666,337,0.0277,277,0.051,510,17314.08875484705,0.3647574057671489
2025-05-28 00:00:00,"STRK",102.4,102.02,102.7,101.7,0.11753246753246742,0.29074999999999995,0.29074999999999995,1032610000,1053468722,23467660.599999998,25244137.01613333,0.08,0.07841599686336014,0.12446983629104784,0.15118611758281963,0.33532185276158843,,"2025-06-30",0.729526325562651,0.6040744112323658,0.44215841862014255,0.3265124719595769,0.04545,0.03296599686336014,330,0.0271,271,0.0514,514,17314.08875484705,0.3570378357184866
2025-05-27 00:00:00,"STRK",102,101.74,102,101.5,0.12435855442733913,0.2872499999999999,0.2872499999999999,1032610000,1050577414,37622332.86,24881219.392799996,0.08,0.07863180656575586,0.12481239137421564,0.1535989593757924,0.3375795235560202,,"2025-06-30",0.7302220461412544,0.6077657038340247,0.4424085005886972,0.3280625491541599,0.045057349999999996,0.03357445656575586,336,0.0278,278,0.0509,509,17314.08875484705,0.3658344800471791
2025-05-23 00:00:00,"STRK",100.12,100.99,101.75,100.12,0.09912912590044069,0.2778749999999999,0.2778749999999999,964710000,974260629,45508618.75,24737605.5288,0.08,0.07921576393702347,0.1257393078365452,0.15660603115290972,0.3397582606649489,,"2025-06-30",0.7302415710741066,0.6074373932928616,0.44277568912341997,0.32792947703165287,0.04586055,0.03335521393702347,334,0.0276,276,0.0517,517,17298.92577616577,0.36588771165461925
2025-05-22 00:00:00,"STRK",101.35,100.91,101.7299,100.7,0.09826900333297485,0.2768749999999999,0.2768749999999999,964710000,973488861,32324399.39,23582483.0798,0.08,0.07927856505797246,0.12583899215551184,0.1764038724969134,0.3420962721511601,,"2025-06-30",0.73697137104743,0.6090884562628353,0.44274360482218866,0.32828462572194295,0.046129300000000005,0.03314926505797245,331,0.0275,275,0.0517,517,17298.92577616577,0.39585769497572093
2025-05-21 00:00:00,"STRK",100.55,100,101.13,98.5,0.08848510912805069,0.26549999999999996,0.26549999999999996,964710000,964710000,54134600,23633725.11246667,0.08,0.08,0.12698412698412698,0.20446154640484276,0.3442663545913923,,"2025-06-30",0.7383027427125053,0.6086045333710347,0.44283617807577597,0.327431476231921,0.0464875,0.0335125,335,0.0279,279,0.0521,521,17298.92577616577,0.40269000000000005
2025-05-20 00:00:00,"STRK",98.98,99.2,99.33,98.5,0.02751918158567778,0.2555,0.2555,964710000,956992320,37625964.800000004,22226269.735466667,0.08,0.08064516129032258,0.12800819252432155,0.2211889379026827,0.3465450202593061,,"2025-06-30",0.7426464697561775,0.6081350220977477,0.4482404626469543,0.34603112507098704,0.045436,0.03520916129032258,352,0.0293,293,0.0513,513,17298.92577616577,0.42028225806451613
2025-05-19 00:00:00,"STRK",96.92,98.47,98.48,96.5195,0.041031530590937546,0.24637499999999996,0.24637499999999996,964710000,949949937,35995216.15,21532756.095466666,0.08,0.08124301817812532,0.12895717171131002,0.22578735578223247,0.3489067564261216,,"2025-06-30",0.7426979564661023,0.6077772358074122,0.4489889473154614,0.34797469544152676,0.0451888,0.03605421817812532,361,0.0301,301,0.0512,512,17298.92577616577,0.4198436071900072
2025-05-16 00:00:00,"STRK",97.56,96.5,97.56,96.32,0.03934495959166306,0.22174999999999997,0.22174999999999997,902560000,870970400,35400156.5,20927635.1138,0.08,0.08290155440414508,0.1315897688954684,0.2398928886829195,0.349717911907149,,"2025-06-30",0.7418874299908444,0.6068175669632431,0.4503685928533882,0.34811004456495054,0.0448313,0.03807025440414508,381,0.0318,318,0.0511,511,17414.40475353351,0.414300518134715
2025-05-15 00:00:00,"STRK",96.9,96.54,96.95,95.06,0.03977031050616759,0.22225000000000006,0.22225000000000006,902560000,871331424,42790486.14,20152305.084133334,0.08,0.08286720530350114,0.13153524651349388,0.23940258128596192,0.35228888196697755,,"2025-06-30",0.7420837307170312,0.6075804494104334,0.4513187293729294,0.3492779282431085,0.0450336,0.03783360530350114,378,0.0316,316,0.0512,512,17414.40475353351,0.41125958152061315
2025-05-14 00:00:00,"STRK",97.96,96.12,98.39,95.6,0.03530412590387068,0.21700000000000003,0.21700000000000003,902560000,867540672,39791373.120000005,19035422.929133337,0.08,0.08322929671244278,0.1321099947816552,0.2549899188626225,0.35491577296941423,,"2025-06-30",0.7468577316532882,0.6077435516756038,0.4511931829661856,0.3500326207593413,0.0457972,0.037432096712442776,374,0.0311,311,0.0521,521,17414.40475353351,0.4335726175613816
2025-05-13 00:00:00,"STRK",97.99,97.03,98.24,96.375,0.08874362951473516,0.228375,0.228375,902560000,875753968,35389072.69,18542336.65913333,0.08,0.08244872719777388,0.13087099555202203,0.2546629216670773,0.3569286681326729,,"2025-06-30",0.7468327695601616,0.6062329531070422,0.4527810374501084,0.34716213182731936,0.045435500000000004,0.037013227197773876,370,0.0307,307,0.0517,517,17414.40475353351,0.43451509842316816
2025-05-12 00:00:00,"STRK",94.9,94.38,95.24,94.11,0.0624444444444444,0.19524999999999995,0.19524999999999995,902560000,851836128,42271291.919999994,18199832.549466666,0.08,0.0847637211273575,0.13454558909104364,0.25556449068758985,0.35604161318990607,,"2025-06-30",0.746239197018788,0.6004202324837682,0.45166495303009385,0.3426637454165754,0.044951,0.0398127211273575,398,0.0334,334,0.0514,514,17414.40475353351,0.4290103835558381
2025-05-09 00:00:00,"STRK",92.48,92.65,92.9,92,0.08668981481481482,0.17362500000000008,0.17362500000000008,875160000,810835740,21080191.25,17341465.84013333,0.08,0.08634646519158122,0.13705788125647814,0.25203141032119664,0.3572517731626851,,"2025-06-30",0.7561054372881831,0.6089691250110789,0.4440267392264146,0.33658475919069375,0.044120900000000005,0.042225565191581216,422,0.0357,357,0.0506,506,17824.844720496894,0.44903399892066914
2025-05-08 00:00:00,"STRK",91.75,91.942,92.36,91.42,0.07849537037037022,0.16477499999999992,0.16477499999999992,875160000,804639607.1999999,26330074.134,17057429.4558,0.08,0.08701137673750843,0.13811329640874354,0.26231353908245303,0.35989724694953246,,"2025-06-30",0.756526286687456,0.6084128703506777,0.4443213716456847,0.3358650955554139,0.044100200000000006,0.042911176737508425,429,0.0364,364,0.0506,506,17824.844720496894,0.45069717865610925
2025-05-07 00:00:00,"STRK",90.8,90.55,91.26,90.55,0.06238425925925916,0.14737499999999998,0.14737499999999998,875160000,792457380,4687139.649999999,16609603.387333332,0.08,0.0883489784649365,0.14023647375386747,0.2603101008195466,0.36171023328057395,,"2025-06-30",0.7548631757112091,0.6071156356600684,0.44236035047333616,0.3365746824052311,0.04300035,0.0453486284649365,453,0.0385,385,0.0498,498,17824.844720496894,0.4334400883489785
2025-05-06 00:00:00,"STRK",90.8,90.41,90.9,90.215,0.08333333333333337,0.14562499999999995,0.14562499999999995,875160000,791232156,10991686.16,17548600.235999998,0.08,0.08848578697046787,0.14045363011185377,0.26148680882763214,0.36471083880015875,,"2025-06-30",0.7551272343644074,0.6078802272475177,0.44256644091537983,0.336851110290284,0.043395249999999996,0.04509053697046787,451,0.038,380,0.0505,505,17824.844720496894,0.4265014931976552
2025-05-05 00:00:00,"STRK",90.7,90.25,90.9699,89.5,0.143625,0.143625,0.143625,875160000,789831900,10312326,18774855.102,0.08,0.0886426592797784,0.14070263377742603,0.26167788143006876,0.3677858727704113,,"2025-06-30",0.7551925264010702,0.6080272730931947,0.4431115292805552,0.3371626904760596,0.04395955,0.044683109279778394,447,0.0374,374,0.0513,513,17824.844720496894,0.4282880886426592
2025-05-02 00:00:00,"STRK",90.89,90.97,91.095,89.8748,0.15262499999999998,0.15262499999999998,0.15262499999999998,817600000,743770720,58619157.63,20554821.735333335,0.08,0.08794107947675057,0.13958901504246124,0.2649680610686176,0.37045761849258285,,"2025-06-30",0.7546544770106903,0.6068431065640747,0.4424090977960173,0.3349578816177911,0.0436726,0.044268479476750576,443,0.0372,372,0.0508,508,17781.882559095302,0.4335165439155766
2025-05-01 00:00:00,"STRK",90.6,89.5,91.49,89.24,0.13425,0.13425,0.13425,817600000,731752000,9661614.5,19968056.247666664,0.08,0.0893854748603352,0.1418817061275162,0.2694209068453079,0.37232573013074916,,"2025-06-30",0.7537457197931394,0.607602293640262,0.43785211966178145,0.32816507161393094,0.0428528,0.046532674860335195,465,0.0395,395,0.0499,499,17781.882559095302,0.4263687150837989
2025-04-30 00:00:00,"STRK",87.54,89.5,89.6385,87.54,0.13425,0.13425,0.13425,817600000,731752000,18311163,21048463.64433333,0.08,0.0893854748603352,0.1418817061275162,0.2722188439288667,0.3756296134472056,,"2025-06-30",0.7537805641173141,0.611805726481982,0.438831291313933,0.3281067355033376,0.0420528,0.0473326748603352,473,0.04,400,0.0494,494,17781.882559095302,0.42470391061452517
2025-04-29 00:00:00,"STRK",86.88,89,89.5201,86.58,0.128,0.128,0.128,817600000,727664000,11819823,21243672.288,0.08,0.0898876404494382,0.14267879436418762,0.2754909348300362,0.3788980253335281,,"2025-06-30",0.7543603982025527,0.6140395938976924,0.43870117994284813,0.3313351375209273,0.0422105,0.0476771404494382,477,0.0405,405,0.0494,494,17781.882559095302,0.4285955056179775
2025-04-28 00:00:00,"STRK",87.85,86.6,87.85,85.62,0.09799999999999993,0.09799999999999993,0.09799999999999993,817600000,708041600,9055675.399999999,21256144.947999995,0.08,0.09237875288683603,0.1466329410902159,0.28680916194606487,0.37802495022238636,,"2025-06-30",0.7554227062807757,0.617109275564352,0.4367714620040335,0.33012473460679503,0.042546099999999996,0.04983265288683603,498,0.0425,425,0.0498,498,17781.882559095302,0.42638568129330257
2025-04-25 00:00:00,"STRK",86.35,86.68,87.4999,86,0.09900000000000009,0.09900000000000009,0.09900000000000009,774112000,671000281.6,23105420.8,21923947.221999995,0.08,0.09229349330872173,0.14649760842654244,0.28682188798902514,0.38156302381309737,,"2025-06-30",0.7554405411831343,0.6171160935981446,0.4369452018063034,0.331070155336278,0.043143,0.04915049330872173,492,0.0417,417,0.0506,506,18208.402081010776,0.4253691739732348
2025-04-24 00:00:00,"STRK",85.25,85.86,86.4,85.25,0.08875,0.08875,0.08875,774112000,664652563.2,5852475.18,21795563.726,0.08,0.09317493594223154,0.14789672371782783,0.29055960695250244,0.38468854785205914,,"2025-06-30",0.7550173922677498,0.6158541302577624,0.4353656438054069,0.32990265110417966,0.0434205,0.04975443594223154,498,0.0421,421,0.0511,511,18208.402081010776,0.4080363382250175
2025-04-23 00:00:00,"STRK",86.74,85.57,87,85.37,0.08512499999999992,0.08512499999999992,0.08512499999999992,774112000,662407638.4,27235647.45,22134602.453333333,0.08,0.09349070936075728,0.1483979513662814,0.2907110942743449,0.38837921751759774,,"2025-06-30",0.7549431659547103,0.6158347208859636,0.43758871021010476,0.3325514474438346,0.04420425,0.049286459360757276,493,0.0415,415,0.052,520,18208.402081010776,0.4040317868411827
2025-04-22 00:00:00,"STRK",85.8,86.31,87,85.09,0.09437500000000003,0.09437500000000003,0.09437500000000003,774112000,668136067.2,12788380.08,22188762.65333333,0.08,0.0926891437840343,0.14712562505402269,0.28982564833842017,0.3917327161140845,,"2025-06-30",0.7567043253735468,0.6237490081060768,0.44687099087860366,0.3493167529858977,0.0443444,0.0483447437840343,483,0.0406,406,0.052,520,18208.402081010776,0.397439462402966
2025-04-21 00:00:00,"STRK",85.72,85,85.7468,84.25,0.078,0.078,0.078,774112000,657995200,9055305,23927359.477333333,0.08,0.09411764705882353,0.14939309056956115,0.2966099118660982,0.3942351559177437,,"2025-06-30",0.755209562819962,0.6213989643998291,0.4405107659025885,0.340352480479835,0.044415600000000006,0.04970204705882352,497,0.0414,414,0.0527,527,18208.402081010776,0.37383529411764704
2025-04-17 00:00:00,"STRK",85.01,85.15,85.55,84.01,0.07987500000000007,0.07987500000000007,0.07987500000000007,764991000,651389836.5,12035015.850000001,23906519.777333334,0.08,0.09395184967704051,0.1491299201222865,0.3901055588143099,0.3982974008582564,,"2025-06-30",0.7553278127853379,0.6285453366894933,0.4429646857186825,0.3416540921071212,0.0436047,0.05034714967704051,503,0.0413,413,0.0526,526,18415.783870409523,0.3725190839694656
2025-04-16 00:00:00,"STRK",83.75,84.93,85.11,83.61,0.07712500000000008,0.07712500000000008,0.07712500000000008,764991000,649706856.3000001,15448087.56,24062381.809,0.08,0.09419521959260567,0.14951622157556455,0.39351380755389176,0.40247133303012733,,"2025-06-30",0.755421613587696,0.6285667761756747,0.4428234954907417,0.34442880130167103,0.04309575,0.05109946959260567,511,0.042,420,0.0522,522,18415.783870409523,0.36696102672789355
2025-04-15 00:00:00,"STRK",84.8,83.94,85.5,83.7701,0.06474999999999997,0.06474999999999997,0.06474999999999997,764991000,642133445.4,8613754.92,23989296.042000003,0.08,0.09530617107457708,0.15127963662631283,0.3909537720197752,0.4058891268369121,,"2025-06-30",0.7565542833670085,0.6281700042664229,0.4559522773961279,0.3431380187632892,0.043662799999999995,0.05164337107457708,516,0.0424,424,0.0529,529,18415.783870409523,0.37016916845365744
2025-04-14 00:00:00,"STRK",85,84.21,85.98,83.604,0.06812499999999992,0.06812499999999992,0.06812499999999992,764991000,644198921.0999999,12580131.899999999,24293661.013000004,0.08,0.09500059375371096,0.15079459325985867,0.39694505168225447,0.4103095911628126,,"2025-06-30",0.7566457837489952,0.627995273150442,0.4559982962162687,0.3429064824066434,0.0439638,0.051036793753710966,510,0.0421,421,0.0529,529,18415.783870409523,0.369849186557416
2025-04-11 00:00:00,"STRK",83.44,84.54,85.5,81.75,0.07225000000000008,0.07225000000000008,0.07225000000000008,764991000,646723391.4000001,33313916.94,24699152.979,0.08,0.09462976105985332,0.1502059699362751,0.40573900233624594,0.41484355121283994,,"2025-03-31",0.7608328210853096,0.6310637799340668,0.45952350597274155,0.355674285501541,0.0449517,0.049678061059853326,497,0.0403,403,0.0544,544,18536.385925385992,0.354837946534185
2025-04-10 00:00:00,"STRK",82.5,81.68,83.5,81.49,0.03650000000000009,0.03650000000000009,0.03650000000000009,764991000,624844648.8000001,10854945.280000001,27536115.64100001,0.08,0.0979431929480901,0.15546538563188905,0.3944637373125715,0.4110861002846968,,"2025-03-31",0.7513315849127561,0.6134331181248027,0.44554504127721695,0.3745240867534972,0.0441058,0.053837392948090104,538,0.0441,441,0.0538,538,18536.385925385992,0.3334231145935357
2025-04-09 00:00:00,"STRK",81.47,83.99,85.75,79.4,0.06537499999999993,0.06537499999999993,0.06537499999999993,764991000,642515940.9,33861660.37,28342126.850666676,0.08,0.09524943445648291,0.15118957850235384,0.3894742158774376,0.4104993254358037,,"2025-03-31",0.7445308136321198,0.6049370439741352,0.42263994686516,0.3431287389570678,0.0435425,0.05170693445648292,517,0.0421,421,0.0531,531,18536.385925385992,0.353446838909394
2025-04-08 00:00:00,"STRK",82.29,81.13,83.83,81.06,0.029624999999999947,0.029624999999999947,0.029624999999999947,764991000,620637198.3,11910938.69,28849478.53066667,0.08,0.09860717367188464,0.15651932328870577,0.3739162827966907,0.4061935536746238,,"2025-03-31",0.7470430255699453,0.5813631067005475,0.40243261556592824,0.28126596140817955,0.04268775,0.05591942367188464,559,0.0451,451,0.0535,535,18536.385925385992,0.2932947121903119
2025-04-07 00:00:00,"STRK",82.88,81.82,83.89,81.29,0.038249999999999916,0.038249999999999916,0.038249999999999916,764991000,625915636.1999999,16820555.599999998,29592128.091000006,0.08,0.09777560498655587,0.15519937299453312,0.38441493025469275,0.4108013467529181,,"2025-03-31",0.7611539279317686,0.5804518727607046,0.4000748410339383,0.28009916020060627,0.0416032,0.05617240498655587,562,0.0463,463,0.0515,515,18536.385925385992,0.3277193840136886
2025-04-04 00:00:00,"STRK",84.74,83.9,86,83.66,0.06425000000000007,0.06425000000000007,0.06425000000000007,764991000,641827449,17841586.700000003,29653502.967666674,0.08,0.09535160905840286,0.15135176041016327,0.38465007201688917,0.411311998450891,,"2025-03-31",0.7547517278164967,0.5684053837638108,0.40884472471039895,0.25195841113204076,0.040248,0.05510360905840286,551,0.0458,458,0.0495,495,18536.385925385992,0.3499523241954708
2025-04-03 00:00:00,"STRK",84.44,83.61,87,83.5,0.060625,0.060625,0.060625,764991000,639608975.1,12140255.61,29758609.253000002,0.08,0.09568233464896543,0.1518767216650245,0.3843086170721377,0.4165789010800805,,"2025-03-31",0.7567408429652612,0.5710303454245279,0.5081586830997987,0.30598191292443977,0.040750499999999995,0.054931834648965436,549,0.0455,455,0.0502,502,18536.385925385992,0.33761511780887454
2025-04-02 00:00:00,"STRK",86.9,85.71,87.4886,85.27,0.08687499999999992,0.08687499999999992,0.08687499999999992,764991000,655673786.0999999,9284021.49,30078532.007666662,0.08,0.09333800023334501,0.14815555592594445,0.4031776217963052,0.4171700667360282,,"2025-03-31",0.7504232787387927,0.556577580909894,0.5198794561254219,0.2740848153019042,0.042163200000000005,0.05117480023334501,512,0.0419,419,0.0515,515,18536.385925385992,0.3646482324116206
2025-04-01 00:00:00,"STRK",84.5,86.46,88,83.89,0.09624999999999992,0.09624999999999992,0.09624999999999992,764991000,661411218.5999999,24998785.02,30993733.245999996,0.08,0.09252833680314597,0.14687037587800947,0.40952301455339274,0.42222688085242444,,"2025-03-31",0.7561837487017056,0.5702357209462131,0.5318131048985516,0.2877380870286525,0.0418855,0.05064283680314597,506,0.0415,415,0.051,510,18536.385925385992,0.3539440203562341
2025-03-31 00:00:00,"STRK",84,84.01,84.99,83.0901,0.06562500000000007,0.06562500000000007,0.06562500000000007,764991000,642668939.1,25113949.400000002,31940745.578666665,0.08,0.09522675871920008,0.15115358526857156,0.4039112466601734,0.42130957112956746,,"2025-03-31",0.7495961138431919,0.5562859843543015,0.5286139420824939,0.2988390016906615,0.042435,0.05279175871920008,528,0.0434,434,0.0518,518,18536.385925385992,0.3431377216997976
2025-03-28 00:00:00,"STRK",86.26,84.08,86.32,83.6,0.06649999999999998,0.06649999999999998,0.06649999999999998,743600000,625218880,16520290.64,31864977.445333336,0.08,0.09514747859181732,0.15102774379653544,0.432880845797703,0.42745676591285103,,"2025-03-31",0.7496033341975202,0.5569030098773388,0.5342539099653671,0.30103436585700766,0.0428406,0.052306878591817325,523,0.0438,438,0.0513,513,17622.205055153052,0.34420789724072315
2025-03-27 00:00:00,"STRK",85.66,85.94,87.1505,85.1701,0.08974999999999997,0.08974999999999997,0.08974999999999997,743600000,639049840,12559099.719999999,32056310.498666663,0.08,0.09308820107051431,0.1477590493182767,0.44874058782015375,0.42959638378366904,,"2025-03-31",0.7475010617433392,0.5457201915095417,0.5205644864190004,0.27940299550683095,0.04397325,0.049114951070514314,491,0.041,410,0.0521,521,17622.205055153052,0.377693739818478
2025-03-26 00:00:00,"STRK",87.08,86.44,87.5,85.5,0.09599999999999997,0.09599999999999997,0.09599999999999997,743600000,642767840,12895292.08,33017448.841333326,0.08,0.09254974548819991,0.14690435791777764,0.44875508777896184,0.43589223469683414,,"2025-03-31",0.7470949707787459,0.5487481723564515,0.5205553946525734,0.27677656770342074,0.043678499999999995,0.04887124548819992,489,0.0409,409,0.0517,517,17622.205055153052,0.3809694585839889
2025-03-25 00:00:00,"STRK",87.3,87.03,87.85,86.26,0.10337500000000002,0.10337500000000002,0.10337500000000002,743600000,647155080,32857045.11,33590664.37399999,0.08,0.09192232563483856,0.14590845338863262,0.4487981576886291,0.44234071952280857,,"2025-03-31",0.7467195716497769,0.5471129023933721,0.5198056696146386,0.27502362634097427,0.0432921,0.048630225634838556,486,0.0405,405,0.0514,514,17622.205055153052,0.3927496265655521
2025-03-24 00:00:00,"STRK",86.5,86.62,88.25,85,0.09825000000000006,0.09825000000000006,0.09825000000000006,743600000,644106320,47779332.14,34335027.45366666,0.08,0.09235742322789194,0.14659908448871736,0.4484968484805452,0.4495106421214927,,"2025-03-31",0.7466559535306836,0.5470258209773495,0.5195801078704371,0.27725015292853,0.0435728,0.048784623227891934,488,0.0406,406,0.0518,518,17622.205055153052,0.38757792657584855
2025-03-21 00:00:00,"STRK",83.1,85,86.3318,82.5,0.078,0.078,0.078,742300000,630955000,63711325,35183975.04899999,0.08,0.09411764705882353,0.14939309056956115,0.45757443085850424,0.4539600566711142,,"2025-03-31",0.7476810557533071,0.5405172920229306,0.5127205373606786,0.26857600045570784,0.0426496,0.051468047058823525,515,0.0428,428,0.0513,513,17863.55277970298,0.35764705882352943
2025-03-20 00:00:00,"STRK",83.5,83,83.7531,82.01,0.053000000000000005,0.053000000000000005,0.053000000000000005,742300000,616109000,41016193,34918314.27566666,0.08,0.0963855421686747,0.15299292407726142,0.4563230586579313,0.4563230586579313,,"2025-03-31",0.7529009807308688,0.54536208507898,0.512353196742146,0.2722952041243721,0.04249765,0.053887892168674706,539,0.0452,452,0.0512,512,17863.55277970298,0.36393975903614456
2025-03-19 00:00:00,"STRK",86.25,83.9,86.65,83.7,0.06425000000000007,0.06425000000000007,0.06425000000000007,742300000,622789700,42073836.400000006,34708042.59551723,0.08,0.09535160905840286,0.15135176041016327,0.46362882239051856,0.46362882239051856,,"2025-03-31",0.7539204623678406,0.5434190688285917,0.5130433784087691,0.2696775063260958,0.042614700000000005,0.05273690905840285,527,0.0443,443,0.051,510,17863.55277970298,0.3626102502979738
2025-03-18 00:00:00,"STRK",85.89,84.97,88,84.3,0.07762499999999999,0.07762499999999999,0.07762499999999999,742300000,630732310,24167422.31,34444978.53107142,0.08,0.09415087678004001,0.14944583615879367,0.47082860305349344,0.47082860305349344,,"2025-03-31",0.7912858893302324,0.5827390799412799,0.5480089982565121,0.3045810703210922,0.04302615,0.051124726780040014,511,0.0422,422,0.0519,519,17863.55277970298,0.33328233494174414
2025-03-17 00:00:00,"STRK",90.5,88.2,90.5,87.07,0.11800000000000004,0.11800000000000004,0.11800000000000004,742300000,654708600,12194002.8,34825628.76148147,0.08,0.09070294784580499,0.14397293308857934,0.46459642803662315,0.46459642803662315,,"2025-03-31",0.7966408551842014,0.5753735675091344,0.5352540286581171,0.2989673066481465,0.0432856,0.04741734784580499,474,0.0386,386,0.0521,521,17863.55277970298,0.3336394557823129
2025-03-14 00:00:00,"STRK",88,88.34,88.69,87.12,0.11975000000000005,0.11975000000000005,0.11975000000000005,733000000,647532200,29089743.62,35696075.91384615,0.08,0.0905592030790129,0.14374476679208398,0.4740596398817836,0.4740596398817836,,"2025-03-31",0.7965486394452302,0.576234992432197,0.549052005393335,0.31404626058475543,0.04329995,0.0472592530790129,473,0.0397,397,0.0509,509,16387.127927292546,0.33675571654969433
2025-03-13 00:00:00,"STRK",88.34,86.77,89.0799,86.75,0.08462499999999995,0.08462499999999995,0.08462499999999995,730000000,633421000,19253915.919999998,35960329.20559999,0.08,0.09219776420421805,0.14634565746701278,0.481152416869373,0.481152416869373,,"2025-03-31",0.791915476879614,0.5506880587288336,0.5217634600699369,0.26181110521705037,0.042876000000000004,0.04932176420421804,493,0.0413,413,0.0509,509,16387.127927292546,0.3033997925550306
2025-03-12 00:00:00,"STRK",88,87.25,88,86.05,0.090625,0.090625,0.090625,730000000,636925000,16023637,36656429.759166665,0.08,0.09169054441260745,0.14554054668667848,0.49144124102674835,0.49144124102674835,,"2025-03-31",0.7949010643125662,0.5515451215185159,0.5228922968594846,0.25871238668450397,0.0433798,0.048310744412607444,483,0.0406,406,0.0511,511,16387.127927292546,0.3009169054441261
2025-03-11 00:00:00,"STRK",85.27,87.03,88.57,85,0.08787500000000001,0.08787500000000001,0.08787500000000001,730000000,635319000,28860453.45,37553507.705217384,0.08,0.09192232563483856,0.14590845338863262,0.5029886745021958,0.5029886745021958,,"2025-03-31",0.7955656316872384,0.5515742814630245,0.5298650409080132,0.26856896841817546,0.04297515,0.04894717563483856,489,0.041,410,0.0509,509,16387.127927292546,0.29942548546478226
2025-03-10 00:00:00,"STRK",89.3,84.8,89.85,83.45,0.05999999999999996,0.05999999999999996,0.05999999999999996,730000000,619040000,64946284.8,37948646.535,0.08,0.09433962264150944,0.1497454327643007,0.5075566591640792,0.5075566591640792,,"2025-03-31",0.790951651176154,0.5325853916252091,0.5562350668275656,0.262564417808704,0.042336,0.05200362264150944,520,0.0437,437,0.0506,506,16387.127927292546,0.2821580188679246
2025-03-07 00:00:00,"STRK",93.7,92.4,94.0999,91.91,0.15500000000000008,0.15500000000000008,0.15500000000000008,730000000,674520000,8430114,36663044.71285714,0.08,0.08658008658008658,0.13742870885728029,0.41025326008660995,0.41025326008660995,,"2025-03-31",0.6901833191816276,0.2606146513694493,0.37806972828103913,0.0675404495526358,0.04347,0.043110086580086575,431,0.0357,357,0.0509,509,16387.127927292546,0.3108008658008658
2025-03-06 00:00:00,"STRK",93,94.4,94.4,92.4,0.18000000000000008,0.18000000000000008,0.18000000000000008,730000000,689120000,16710876.8,38074691.2485,0.08,0.0847457627118644,0.13451708366962603,0.4096714323924699,0.4096714323924699,,"2025-03-31",0.6757126459481687,0.23195295820916312,0.4434997993660704,0.00482107743528837,0.04319725,0.041548512711864403,415,0.0343,343,0.0504,504,16387.127927292546,0.3221504237288136
2025-03-05 00:00:00,"STRK",93.68,94.35,94.5,92.25,0.17937499999999992,0.17937499999999992,0.17937499999999992,730000000,688755000,13255514.549999999,39199102.53526316,0.08,0.08479067302596714,0.1345883698824875,0.4210387304100701,0.4210387304100701,,"2025-03-31",0.6750386601024966,0.22849616306128248,0.45651687436891203,-0.006471283504103371,0.0430958,0.041694873025967145,417,0.035,350,0.0498,498,16387.127927292546,0.3270270270270271
2025-03-04 00:00:00,"STRK",89.5,92.55,93.44,89.5,0.15687499999999996,0.15687499999999996,0.15687499999999996,730000000,675615000,17744704.05,40640412.97888889,0.08,0.0864397622906537,0.1372059718899265,0.43063493669078046,0.43063493669078046,,"2025-03-31",0.702338397017926,0.1968958376074601,0.44361662809742997,-0.015247371038878358,0.0424821,0.0439576622906537,440,0.0367,367,0.0498,498,16387.127927292546,0.29729875742841705
2025-03-03 00:00:00,"STRK",94.75,90.24,95,89.5,0.12799999999999995,0.12799999999999995,0.12799999999999995,730000000,658752000,24744890.88,41987219.38647059,0.08,0.08865248226950355,0.1407182258246088,0.4366629380262966,0.4366629380262966,,"2025-03-31",0.7045503434944923,0.17209382000303813,0.5147264252798515,0.08428858924166702,0.04182185,0.04683063226950355,468,0.039,390,0.0496,496,16387.127927292546,0.2780585106382979
2025-02-28 00:00:00,"STRK",92,92.4,94.63,91.05,0.15500000000000008,0.15500000000000008,0.15500000000000008,730000000,674520000,118422796.80000001,43064864.918125,0.08,0.08658008658008658,0.13742870885728029,0.4354022101757118,0.4354022101757118,,"2025-03-31",0.7292337227797867,0.26559582952562977,0.45909557091637426,-0.009244707796119928,0.042643,0.043937086580086576,439,0.0365,365,0.05,500,16387.127927292546,0.27643939393939393
2025-02-27 00:00:00,"STRK",94.5,91.59,94.5,91.5,0.14487500000000003,0.14487500000000003,0.14487500000000003,730000000,668607000,35035281.57,38041002.792666666,0.08,0.08734578010699857,0.13864409540793424,0.45164150035747475,0.45164150035747475,,"2025-03-31",0.7810303142953197,0.2655212273576429,0.5217160810278356,-0.018881286288042295,0.0431295,0.04421628010699857,442,0.036,360,0.0513,513,16387.127927292546,0.26209193143356263
2025-02-26 00:00:00,"STRK",90.49,93.13,94.63,89.5091,0.16412499999999994,0.16412499999999994,0.16412499999999994,730000000,679849000,49082210.769999996,38255697.16571428,0.08,0.08590142811124235,0.13635147319244817,0.4579156187771483,0.4579156187771483,,"2025-03-31",0.772186412262915,0.2679054460389013,0.48437344338465066,-0.08957264811736822,0.042745700000000005,0.043155728111242346,432,0.0356,356,0.0503,503,16387.127927292546,0.28269086223558465
2025-02-25 00:00:00,"STRK",91.5,90.75,92.3435,89,0.134375,0.134375,0.134375,730000000,662475000,34190425.5,37422888.426923074,0.08,0.0881542699724518,0.1399274126546854,0.4693149220791699,0.4693149220791699,,"2025-03-31",0.7720208922696384,0.35824396226299504,0.4785427441143689,-0.08310296348751114,0.043198749999999994,0.0449555199724518,450,0.0379,379,0.0503,503,16387.127927292546,0.27604407713498624
2025-02-24 00:00:00,"STRK",93.95,93.1,94.79,92.5,0.16374999999999992,0.16374999999999992,0.16374999999999992,730000000,679630000,18661801.9,37692260.3375,0.08,0.08592910848549946,0.1363954102944436,0.4638467318288395,0.4638467318288395,,"2025-03-31",0.7732464356045351,0.19912303902496759,0.4620941168765005,0.0586023116291472,0.0442457,0.041683408485499465,417,0.0349,349,0.051,510,16387.127927292546,0.3037164339419979
2025-02-21 00:00:00,"STRK",99.1,93.01,99.1,92.12,0.16262500000000008,0.16262500000000008,0.16262500000000008,730000000,678973000,20994775.26,39422302.01363636,0.08,0.08601225674658639,0.13652739166124822,0.48704856150281506,0.48704856150281506,,"2025-03-31",0.8055536497603881,0.19226729522764993,0.45606985531809574,0.0782202105358077,0.044435,0.04157725674658638,416,0.0372,372,0.0488,488,12906.274804695659,0.3222126653048059
2025-02-20 00:00:00,"STRK",97,97.75,98.5,96.002,0.221875,0.221875,0.221875,730000000,713575000,21737938.25,41265054.688999996,0.08,0.08184143222506395,0.12990703527787928,0.3798347978959462,0.3798347978959462,,"2025-03-31",0.6525873688212511,-0.27450066496906667,-0.05585178297024382,0.06935210600271213,0.0452964,0.036545032225063945,365,0.0321,321,0.0497,497,12906.274804695659,0.3313759590792839
2025-02-19 00:00:00,"STRK",100,95.78,100.25,95.4,0.19725,0.19725,0.19725,730000000,699194000,36740058.64,43434734.29333333,0.08,0.08352474420547087,0.132578959056303,0.40513472500141096,0.40513472500141096,,"2025-03-31",0.6544410901887551,-0.33160749446692744,-0.03669261957920927,0.08445417557522124,0.0455553,0.037969444205470874,380,0.0336,336,0.05,500,12906.274804695659,0.33271037794946756
2025-02-18 00:00:00,"STRK",95.1,98.6,98.9999,93.1585,0.23249999999999993,0.23249999999999993,0.23249999999999993,730000000,719780000,53409155,44271568.75,0.08,0.08113590263691683,0.12878714704272512,0.310321952383156,0.310321952383156,,"2025-03-31",0.435942613449413,-0.04572420963484616,0.015152372082986932,0.031087388283066977,0.0457838,0.035352102636916835,354,0.0308,308,0.0504,504,12906.274804695659,0.33871196754563904
2025-02-14 00:00:00,"STRK",90.2,94.04,94.35,90.02,0.17550000000000007,0.17550000000000007,0.17550000000000007,730000000,686492000,22840905.400000002,42966199.28571428,0.08,0.08507018290089323,0.13503203635062416,0.2782119952225124,0.2782119952225124,,"2025-03-31",0.7167712000638531,0.5010782802184984,-0.06437045029433451,0.20133435283323728,0.0449211,0.04014908290089323,401,0.0357,357,0.0493,493,12906.274804695659,0.3591344108889834
2025-02-13 00:00:00,"STRK",90,90.26,90.26,89.5,0.12825000000000006,0.12825000000000006,0.12825000000000006,730000000,658898000,22260282.240000002,46320414.93333334,0.08,0.08863283846665189,0.14068704518516173,0.23531919591509554,0.23531919591509554,,"2025-03-31",0.5753647475445643,0.4332915913551059,-0.02630027438184445,-0.002153402326671336,0.045353,0.04327983846665189,433,0.0389,389,0.0498,498,12906.274804695659,0.3599822734323067
2025-02-12 00:00:00,"STRK",89.7,90,92.25,88.02,0.125,0.125,0.125,730000000,657000000,41393250,51132441.472,0.08,0.08888888888888889,0.14109347442680775,0.2513795733520263,0.2513795733520263,,"2025-03-31",0.580758875287335,0.3979801335979235,0.33163401514873575,0.4700462799784179,0.046357499999999996,0.042531388888888896,425,0.0381,381,0.0508,508,12906.274804695659,0.3631333333333333
2025-02-11 00:00:00,"STRK",90.29,89.57,91.79,89.36,0.11962499999999991,0.11962499999999991,0.11962499999999991,730000000,653861000,30091758.06,53567239.34,0.08,0.08931561906888467,0.14177082391886456,0.27500255302662213,0.27500255302662213,,"2025-03-31",0.9777595881373649,0.9411951114707897,0.27673049867066796,0.38884651322569624,0.04555225,0.04376336906888467,438,0.0394,394,0.05,500,12906.274804695659,0.3566595958468237
2025-02-10 00:00:00,"STRK",89.05,89.5,89.99,88,0.11875,0.11875,0.11875,730000000,653350000,55187937.5,61392399.76666667,0.08,0.0893854748603352,0.1418817061275162,0.1593669943091045,0.1593669943091045,,"2025-03-31",0.9999999999999999,1,1,0.9999999999999999,0.045244,0.0441414748603352,441,0.0398,398,0.0495,495,12906.274804695659,0.373877094972067
2025-02-07 00:00:00,"STRK",85.5,86.4,87.88,85.25,0.08000000000000007,0.08000000000000007,0.08000000000000007,730000000,630720000,73247760,64494630.9,0.08,0.09259259259259259,0.14697236919459142,0,0,,"2025-03-31",0,0,0,0,0.045005,0.047587592592592584,476,0.0432,432,0.0494,494,13115.385676714632,0.3791203703703704
2025-02-06 00:00:00,"STRK",85.75,84.6,95,84.55,0.057499999999999926,0.057499999999999926,0.057499999999999926,730000000,617580000,55741501.8,55741501.8,0.08,0.09456264775413713,0.15009944087958274,0,0,,"2025-03-31",0,0,0,0,0.044582,0.04998064775413713,500,0.0457,457,0.0489,489,13115.385676714632,0.3847044917257683